Scan Name,Updated,Type,Module,Source,F/P,Data
russian,2026-08-06 17:40:41,SIMILARDOMAIN_WHOIS,sfp_whois,snarlybusinesses.on-web.fr,0,"%%
%% This is the AFNIC Whois server.
%%
%% complete date format: YYYY-MM-DDThh:mm:ssZ
%%
%% Rights restricted by copyright.
%% See https://www.afnic.fr/en/domain-names-and-support/everything-there-is-to-know-about-domain-names/find-a-domain-name-or-a-holder-using-whois/
%%
%%

%% NOT FOUND

>>> Last update of WHOIS database: 2026-08-06T17:40:41.402025Z <<<

"
russian,2026-08-06 17:42:51,SIMILARDOMAIN_WHOIS,sfp_whois,snarlybusinesses.reservd.disrec.thingdust.io,0,"Domain Name: thingdust.io
Registry Domain ID: REDACTED
Registrar WHOIS Server: whois.gandi.net
Registrar URL: https://www.gandi.net
Updated Date: 2025-08-16T21:20:03Z
Creation Date: 2016-09-11T19:16:21Z
Registry Expiry Date: 2026-09-11T19:16:21Z
Registrar: Gandi SAS
Registrar IANA ID: 81
Registrar Abuse Contact Email: abuse@support.gandi.net
Registrar Abuse Contact Phone: +33.170377661
Domain Status: ok https://icann.org/epp#ok
Registry Registrant ID: REDACTED
Registrant Name: REDACTED
Registrant Organization: thingdust
Registrant Street: REDACTED
Registrant City: REDACTED
Registrant State/Province: 
Registrant Postal Code: REDACTED
Registrant Country: CH
Registrant Phone: REDACTED
Registrant Phone Ext: REDACTED
Registrant Fax: REDACTED
Registrant Fax Ext: REDACTED
Registrant Email: REDACTED
Registry Admin ID: REDACTED
Admin Name: REDACTED
Admin Organization: REDACTED
Admin Street: REDACTED
Admin City: REDACTED
Admin State/Province: REDACTED
Admin Postal Code: REDACTED
Admin Co"
russian,2026-08-06 17:42:51,SIMILARDOMAIN_WHOIS,sfp_whois,snarlybusinesses.cust.disrec.thingdust.io,0,"Domain Name: thingdust.io
Registry Domain ID: REDACTED
Registrar WHOIS Server: whois.gandi.net
Registrar URL: https://www.gandi.net
Updated Date: 2025-08-16T21:20:03Z
Creation Date: 2016-09-11T19:16:21Z
Registry Expiry Date: 2026-09-11T19:16:21Z
Registrar: Gandi SAS
Registrar IANA ID: 81
Registrar Abuse Contact Email: abuse@support.gandi.net
Registrar Abuse Contact Phone: +33.170377661
Domain Status: ok https://icann.org/epp#ok
Registry Registrant ID: REDACTED
Registrant Name: REDACTED
Registrant Organization: thingdust
Registrant Street: REDACTED
Registrant City: REDACTED
Registrant State/Province: 
Registrant Postal Code: REDACTED
Registrant Country: CH
Registrant Phone: REDACTED
Registrant Phone Ext: REDACTED
Registrant Fax: REDACTED
Registrant Fax Ext: REDACTED
Registrant Email: REDACTED
Registry Admin ID: REDACTED
Admin Name: REDACTED
Admin Organization: REDACTED
Admin Street: REDACTED
Admin City: REDACTED
Admin State/Province: REDACTED
Admin Postal Code: REDACTED
Admin Co"
russian,2026-08-06 17:42:50,SIMILARDOMAIN_WHOIS,sfp_whois,snarlybusinesses.cust.dev.thingdust.io,0,"Domain Name: thingdust.io
Registry Domain ID: REDACTED
Registrar WHOIS Server: whois.gandi.net
Registrar URL: https://www.gandi.net
Updated Date: 2025-08-16T21:20:03Z
Creation Date: 2016-09-11T19:16:21Z
Registry Expiry Date: 2026-09-11T19:16:21Z
Registrar: Gandi SAS
Registrar IANA ID: 81
Registrar Abuse Contact Email: abuse@support.gandi.net
Registrar Abuse Contact Phone: +33.170377661
Domain Status: ok https://icann.org/epp#ok
Registry Registrant ID: REDACTED
Registrant Name: REDACTED
Registrant Organization: thingdust
Registrant Street: REDACTED
Registrant City: REDACTED
Registrant State/Province: 
Registrant Postal Code: REDACTED
Registrant Country: CH
Registrant Phone: REDACTED
Registrant Phone Ext: REDACTED
Registrant Fax: REDACTED
Registrant Fax Ext: REDACTED
Registrant Email: REDACTED
Registry Admin ID: REDACTED
Admin Name: REDACTED
Admin Organization: REDACTED
Admin Street: REDACTED
Admin City: REDACTED
Admin State/Province: REDACTED
Admin Postal Code: REDACTED
Admin Co"
russian,2026-08-06 17:42:51,AFFILIATE_EMAILADDR,sfp_email,"Domain Name: thingdust.io
Registry Domain ID: REDACTED
Registrar WHOIS Server: whois.gandi.net
Registrar URL: https://www.gandi.net
Updated Date: 2025-08-16T21:20:03Z
Creation Date: 2016-09-11T19:16:21Z
Registry Expiry Date: 2026-09-11T19:16:21Z
Registrar: Gandi SAS
Registrar IANA ID: 81
Registrar Abuse Contact Email: abuse@support.gandi.net
Registrar Abuse Contact Phone: +33.170377661
Domain Status: ok https://icann.org/epp#ok
Registry Registrant ID: REDACTED
Registrant Name: REDACTED
Registrant Organization: thingdust
Registrant Street: REDACTED
Registrant City: REDACTED
Registrant State/Province: 
Registrant Postal Code: REDACTED
Registrant Country: CH
Registrant Phone: REDACTED
Registrant Phone Ext: REDACTED
Registrant Fax: REDACTED
Registrant Fax Ext: REDACTED
Registrant Email: REDACTED
Registry Admin ID: REDACTED
Admin Name: REDACTED
Admin Organization: REDACTED
Admin Street: REDACTED
Admin City: REDACTED
Admin State/Province: REDACTED
Admin Postal Code: REDACTED
Admin Co",0,a381cb5f3951ff14ca45027adc20a90c-5282136@contact.gandi.net
russian,2026-08-06 17:42:51,AFFILIATE_EMAILADDR,sfp_email,"Domain Name: thingdust.io
Registry Domain ID: REDACTED
Registrar WHOIS Server: whois.gandi.net
Registrar URL: https://www.gandi.net
Updated Date: 2025-08-16T21:20:03Z
Creation Date: 2016-09-11T19:16:21Z
Registry Expiry Date: 2026-09-11T19:16:21Z
Registrar: Gandi SAS
Registrar IANA ID: 81
Registrar Abuse Contact Email: abuse@support.gandi.net
Registrar Abuse Contact Phone: +33.170377661
Domain Status: ok https://icann.org/epp#ok
Registry Registrant ID: REDACTED
Registrant Name: REDACTED
Registrant Organization: thingdust
Registrant Street: REDACTED
Registrant City: REDACTED
Registrant State/Province: 
Registrant Postal Code: REDACTED
Registrant Country: CH
Registrant Phone: REDACTED
Registrant Phone Ext: REDACTED
Registrant Fax: REDACTED
Registrant Fax Ext: REDACTED
Registrant Email: REDACTED
Registry Admin ID: REDACTED
Admin Name: REDACTED
Admin Organization: REDACTED
Admin Street: REDACTED
Admin City: REDACTED
Admin State/Province: REDACTED
Admin Postal Code: REDACTED
Admin Co",0,a381cb5f3951ff14ca45027adc20a90c-5282136@contact.gandi.net
russian,2026-08-06 17:42:52,AFFILIATE_EMAILADDR,sfp_email,"Domain Name: thingdust.io
Registry Domain ID: REDACTED
Registrar WHOIS Server: whois.gandi.net
Registrar URL: https://www.gandi.net
Updated Date: 2025-08-16T21:20:03Z
Creation Date: 2016-09-11T19:16:21Z
Registry Expiry Date: 2026-09-11T19:16:21Z
Registrar: Gandi SAS
Registrar IANA ID: 81
Registrar Abuse Contact Email: abuse@support.gandi.net
Registrar Abuse Contact Phone: +33.170377661
Domain Status: ok https://icann.org/epp#ok
Registry Registrant ID: REDACTED
Registrant Name: REDACTED
Registrant Organization: thingdust
Registrant Street: REDACTED
Registrant City: REDACTED
Registrant State/Province: 
Registrant Postal Code: REDACTED
Registrant Country: CH
Registrant Phone: REDACTED
Registrant Phone Ext: REDACTED
Registrant Fax: REDACTED
Registrant Fax Ext: REDACTED
Registrant Email: REDACTED
Registry Admin ID: REDACTED
Admin Name: REDACTED
Admin Organization: REDACTED
Admin Street: REDACTED
Admin City: REDACTED
Admin State/Province: REDACTED
Admin Postal Code: REDACTED
Admin Co",0,a381cb5f3951ff14ca45027adc20a90c-5282136@contact.gandi.net
russian,2026-08-06 17:42:51,AFFILIATE_EMAILADDR,sfp_email,"Domain Name: thingdust.io
Registry Domain ID: REDACTED
Registrar WHOIS Server: whois.gandi.net
Registrar URL: https://www.gandi.net
Updated Date: 2025-08-16T21:20:03Z
Creation Date: 2016-09-11T19:16:21Z
Registry Expiry Date: 2026-09-11T19:16:21Z
Registrar: Gandi SAS
Registrar IANA ID: 81
Registrar Abuse Contact Email: abuse@support.gandi.net
Registrar Abuse Contact Phone: +33.170377661
Domain Status: ok https://icann.org/epp#ok
Registry Registrant ID: REDACTED
Registrant Name: REDACTED
Registrant Organization: thingdust
Registrant Street: REDACTED
Registrant City: REDACTED
Registrant State/Province: 
Registrant Postal Code: REDACTED
Registrant Country: CH
Registrant Phone: REDACTED
Registrant Phone Ext: REDACTED
Registrant Fax: REDACTED
Registrant Fax Ext: REDACTED
Registrant Email: REDACTED
Registry Admin ID: REDACTED
Admin Name: REDACTED
Admin Organization: REDACTED
Admin Street: REDACTED
Admin City: REDACTED
Admin State/Province: REDACTED
Admin Postal Code: REDACTED
Admin Co",0,abuse@support.gandi.net
russian,2026-08-06 17:42:51,AFFILIATE_EMAILADDR,sfp_email,"Domain Name: thingdust.io
Registry Domain ID: REDACTED
Registrar WHOIS Server: whois.gandi.net
Registrar URL: https://www.gandi.net
Updated Date: 2025-08-16T21:20:03Z
Creation Date: 2016-09-11T19:16:21Z
Registry Expiry Date: 2026-09-11T19:16:21Z
Registrar: Gandi SAS
Registrar IANA ID: 81
Registrar Abuse Contact Email: abuse@support.gandi.net
Registrar Abuse Contact Phone: +33.170377661
Domain Status: ok https://icann.org/epp#ok
Registry Registrant ID: REDACTED
Registrant Name: REDACTED
Registrant Organization: thingdust
Registrant Street: REDACTED
Registrant City: REDACTED
Registrant State/Province: 
Registrant Postal Code: REDACTED
Registrant Country: CH
Registrant Phone: REDACTED
Registrant Phone Ext: REDACTED
Registrant Fax: REDACTED
Registrant Fax Ext: REDACTED
Registrant Email: REDACTED
Registry Admin ID: REDACTED
Admin Name: REDACTED
Admin Organization: REDACTED
Admin Street: REDACTED
Admin City: REDACTED
Admin State/Province: REDACTED
Admin Postal Code: REDACTED
Admin Co",0,abuse@support.gandi.net
russian,2026-08-06 17:42:52,AFFILIATE_EMAILADDR,sfp_email,"Domain Name: thingdust.io
Registry Domain ID: REDACTED
Registrar WHOIS Server: whois.gandi.net
Registrar URL: https://www.gandi.net
Updated Date: 2025-08-16T21:20:03Z
Creation Date: 2016-09-11T19:16:21Z
Registry Expiry Date: 2026-09-11T19:16:21Z
Registrar: Gandi SAS
Registrar IANA ID: 81
Registrar Abuse Contact Email: abuse@support.gandi.net
Registrar Abuse Contact Phone: +33.170377661
Domain Status: ok https://icann.org/epp#ok
Registry Registrant ID: REDACTED
Registrant Name: REDACTED
Registrant Organization: thingdust
Registrant Street: REDACTED
Registrant City: REDACTED
Registrant State/Province: 
Registrant Postal Code: REDACTED
Registrant Country: CH
Registrant Phone: REDACTED
Registrant Phone Ext: REDACTED
Registrant Fax: REDACTED
Registrant Fax Ext: REDACTED
Registrant Email: REDACTED
Registry Admin ID: REDACTED
Admin Name: REDACTED
Admin Organization: REDACTED
Admin Street: REDACTED
Admin City: REDACTED
Admin State/Province: REDACTED
Admin Postal Code: REDACTED
Admin Co",0,abuse@support.gandi.net
russian,2026-08-06 16:56:12,INTERNET_NAME,SpiderFoot UI,ask.snarlybusinesses.shop,0,ask.snarlybusinesses.shop
russian,2026-08-06 17:42:49,SIMILARDOMAIN,sfp_tldsearch,ask.snarlybusinesses.shop,0,snarlybusinesses.cust.dev.thingdust.io
russian,2026-08-06 17:42:49,SIMILARDOMAIN,sfp_tldsearch,ask.snarlybusinesses.shop,0,snarlybusinesses.cust.disrec.thingdust.io
russian,2026-08-06 17:40:41,SIMILARDOMAIN,sfp_tldsearch,ask.snarlybusinesses.shop,0,snarlybusinesses.on-web.fr
russian,2026-08-06 17:42:49,SIMILARDOMAIN,sfp_tldsearch,ask.snarlybusinesses.shop,0,snarlybusinesses.reservd.disrec.thingdust.io
russian,2026-08-06 17:42:27,SIMILARDOMAIN,sfp_tldsearch,ask.snarlybusinesses.shop,0,snarlybusinesses.vipsinaapp.com
german,2026-08-06 16:09:35,SIMILARDOMAIN_WHOIS,sfp_whois,ww88.com.im,0,"
                This information has been redacted to comply with European Union General Data Protection Regulations (GDPR). Please contact us at info@nic.im if you have any further queries.
              
Domain Name:	ww88.com.im
Domain Managers
Name: Redacted
Address
Redacted
Domain Owners / Registrant
Name: Redacted
Address
Redacted
Administrative Contact
Name: Redacted
Address
Redacted
Billing Contact
Name: Redacted
Address
Redacted
Technical Contact
Name: Redacted
Address
Redacted
Domain Details
Expiry Date: 14/12/2026 00:59:58
Name Server:bethany.ns.cloudflare.com.
Name Server:dion.ns.cloudflare.com.
"
german,2026-08-06 16:09:35,SIMILARDOMAIN_WHOIS,sfp_whois,ww88.net.im,0,"
                This information has been redacted to comply with European Union General Data Protection Regulations (GDPR). Please contact us at info@nic.im if you have any further queries.
              
Domain Name:	ww88.net.im
Domain Managers
Name: Redacted
Address
Redacted
Domain Owners / Registrant
Name: Redacted
Address
Redacted
Administrative Contact
Name: Redacted
Address
Redacted
Billing Contact
Name: Redacted
Address
Redacted
Technical Contact
Name: Redacted
Address
Redacted
Domain Details
Expiry Date: 21/12/2026 00:59:59
Name Server:nola.ns.cloudflare.com.
Name Server:trace.ns.cloudflare.com.
"
german,2026-08-06 16:27:23,SIMILARDOMAIN_WHOIS,sfp_whois,ww88.co.uk,0,"
    Domain name:
        ww88.co.uk

    Data validation:
        Nominet was not able to match the registrant's name and/or address against a 3rd party source on 13-Oct-2025

    Registrar:
        Namecheap, Inc. t/a Spaceship [Tag = SPACESHIP]
        URL: https://www.spaceship.com

    Relevant dates:
        Registered on: 13-Oct-2025
        Expiry date:  13-Oct-2026
        Last updated:  27-Nov-2025

    Registration status:
        Registered until expiry date.

    Name servers:
        love.ns.cloudflare.com
        noah.ns.cloudflare.com

    WHOIS lookup made at 17:27:23 06-Aug-2026

    ********************************************************************************
    * WHOIS service for .UK will cease on 9th of February 2027                     *
    * For more information on the replacement RDAP services please see:            *
    * https://theukdomain.uk/rdap                                                  *
    **********************************************"
german,2026-08-06 16:27:24,SIMILARDOMAIN_WHOIS,sfp_whois,ww88.org.uk,0,"
    Domain name:
        ww88.org.uk

    Data validation:
        Nominet was not able to match the registrant's name and/or address against a 3rd party source on 03-Jan-2026

    Registrar:
        Namecheap, Inc. t/a Spaceship [Tag = SPACESHIP]
        URL: https://www.spaceship.com

    Relevant dates:
        Registered on: 03-Jan-2026
        Expiry date:  03-Jan-2027
        Last updated:  03-Jan-2026

    Registration status:
        Registered until expiry date.

    Name servers:
        launch1.spaceship.net
        launch2.spaceship.net

    DNSSEC:
        Signed

    WHOIS lookup made at 17:27:24 06-Aug-2026

    ********************************************************************************
    * WHOIS service for .UK will cease on 9th of February 2027                     *
    * For more information on the replacement RDAP services please see:            *
    * https://theukdomain.uk/rdap                                                  *
    ****************"
german,2026-08-06 16:22:25,SIMILARDOMAIN_WHOIS,sfp_whois,ww88.name,0,"
Disclaimer: VeriSign, Inc. makes every effort to maintain the
completeness and accuracy of the Whois data, but cannot guarantee
that the results are error-free. Therefore, any data provided
through the Whois service are on an as is basis without any
warranties.
BY USING THE WHOIS SERVICE AND THE DATA CONTAINED
HEREIN OR IN ANY REPORT GENERATED WITH RESPECT THERETO, IT IS
ACCEPTED THAT VERISIGN, INC. IS NOT LIABLE FOR
ANY DAMAGES OF ANY KIND ARISING OUT OF, OR IN CONNECTION WITH, THE
REPORT OR THE INFORMATION PROVIDED BY THE WHOIS SERVICE, NOR
OMISSIONS OR MISSING INFORMATION. THE RESULTS OF ANY WHOIS REPORT OR
INFORMATION PROVIDED BY THE WHOIS SERVICE CANNOT BE RELIED UPON IN
CONTEMPLATION OF LEGAL PROCEEDINGS WITHOUT FURTHER VERIFICATION, NOR
DO SUCH RESULTS CONSTITUTE A LEGAL OPINION. Acceptance of the
results of the Whois constitutes acceptance of these terms,
conditions and limitations. Whois data may be requested only for
lawful purposes, in particular, to protect legal rights and
obli"
german,2026-08-06 16:22:03,SIMILARDOMAIN_WHOIS,sfp_whois,ww88.com.mx,0,"
Domain Name:       ww88.com.mx

Created On:        2025-12-01
Expiration Date:   2026-12-01
Last Updated On:   2026-01-17
Registrar:         Namecheap, Inc.
URL:               https://namecheap.com
Whois TCP URI:     whois.namecheap.com

Registrant:
   Name:           Redacted for Privacy
   City:           Reykjavik
   State:          Capital Region
   Country:        Iceland

Administrative Contact:
   Name:           Redacted for Privacy
   City:           Reykjavik
   State:          Capital Region
   Country:        Iceland

Technical Contact:
   Name:           Redacted for Privacy
   City:           Reykjavik
   State:          Capital Region
   Country:        Iceland

Billing Contact:
   Name:           Redacted for Privacy
   City:           Reykjavik
   State:          Capital Region
   Country:        Iceland

Name Servers:
   DNS:            desi.ns.cloudflare.com       
   DNS:            logan.ns.cloudflare.com       

DNSSEC DS Records:


% NOTICE: The"
german,2026-08-06 16:22:07,SIMILARDOMAIN_WHOIS,sfp_whois,ww88.mx,0,"
Domain Name:       ww88.mx

Created On:        2026-06-08
Expiration Date:   2027-06-08
Last Updated On:   2026-07-25
Registrar:         Dynadot Inc
URL:               http://www.dynadot.com
Whois TCP URI:     whois.dynadot.com

Registrant:
   Name:           Dynadot Privacy Service
   City:           San Mateo
   State:          California
   Country:        United States

Administrative Contact:
   Name:           Dynadot Privacy Service
   City:           San Mateo
   State:          California
   Country:        United States

Technical Contact:
   Name:           Dynadot Privacy Service
   City:           San Mateo
   State:          California
   Country:        United States

Billing Contact:
   Name:           Dynadot Privacy Service
   City:           San Mateo
   State:          California
   Country:        United States

Name Servers:
   DNS:            cora.ns.cloudflare.com       
   DNS:            harvey.ns.cloudflare.com       

DNSSEC DS Records:


%"
german,2026-08-06 16:22:14,SIMILARDOMAIN_WHOIS,sfp_whois,ww88.org.mx,0,"
Domain Name:       ww88.org.mx

Created On:        2024-09-11
Expiration Date:   2026-09-11
Last Updated On:   2025-09-18
Registrar:         Namecheap, Inc.
URL:               https://namecheap.com
Whois TCP URI:     whois.namecheap.com

Registrant:
   Name:           Redacted for Privacy
   City:           Reykjavik
   State:          Capital Region
   Country:        Iceland

Administrative Contact:
   Name:           Redacted for Privacy
   City:           Reykjavik
   State:          Capital Region
   Country:        Iceland

Technical Contact:
   Name:           Redacted for Privacy
   City:           Reykjavik
   State:          Capital Region
   Country:        Iceland

Billing Contact:
   Name:           Redacted for Privacy
   City:           Reykjavik
   State:          Capital Region
   Country:        Iceland

Name Servers:
   DNS:            austin.ns.cloudflare.com       
   DNS:            connie.ns.cloudflare.com       

DNSSEC DS Records:


% NOTICE: "
german,2026-08-06 16:00:06,AFFILIATE_DOMAIN_WHOIS,sfp_whois,cloudflare.com,0,"   Domain Name: CLOUDFLARE.COM
   Registry Domain ID: 1542998887_DOMAIN_COM-VRSN
   Registrar WHOIS Server: whois.cloudflare.com
   Registrar URL: http://www.cloudflare.com
   Updated Date: 2024-01-09T16:45:28Z
   Creation Date: 2009-02-17T22:07:54Z
   Registry Expiry Date: 2033-02-17T22:07:54Z
   Registrar: Cloudflare, Inc.
   Registrar IANA ID: 1910
   Registrar Abuse Contact Email: registrar-abuse@cloudflare.com
   Registrar Abuse Contact Phone: +1.6503198930
   Domain Status: clientDeleteProhibited https://icann.org/epp#clientDeleteProhibited
   Domain Status: clientTransferProhibited https://icann.org/epp#clientTransferProhibited
   Domain Status: clientUpdateProhibited https://icann.org/epp#clientUpdateProhibited
   Domain Status: serverDeleteProhibited https://icann.org/epp#serverDeleteProhibited
   Domain Status: serverTransferProhibited https://icann.org/epp#serverTransferProhibited
   Domain Status: serverUpdateProhibited https://icann.org/epp#serverUpdateProhibited
   Name Server: "
german,2026-08-06 16:46:43,SIMILARDOMAIN_WHOIS,sfp_whois,ww88.it.com,0,"   Domain Name: IT.COM
   Registry Domain ID: 3405795_DOMAIN_COM-VRSN
   Registrar WHOIS Server: whois.dnsale.com
   Registrar URL: http://dnsale.com
   Updated Date: 2025-12-02T20:37:22Z
   Creation Date: 1992-10-23T04:00:00Z
   Registry Expiry Date: 2035-10-22T04:00:00Z
   Registrar: Intis Telecom Limited
   Registrar IANA ID: 4030
   Registrar Abuse Contact Email: abuse@dnsale.com
   Registrar Abuse Contact Phone: +442035146677
   Domain Status: clientDeleteProhibited https://icann.org/epp#clientDeleteProhibited
   Domain Status: clientTransferProhibited https://icann.org/epp#clientTransferProhibited
   Name Server: NS1.IT.COM
   Name Server: NS2.IT.COM
   Name Server: NS3.IT.COM
   DNSSEC: signedDelegation
   DNSSEC DS Data: 2371 13 2 784858FE0FB562DF1A0EC94FED2075E60A237DE9C9EA75EB5B53D95208CBABEC
   URL of the ICANN Whois Inaccuracy Complaint Form: https://www.icann.org/wicf/
>>> Last update of whois database: 2026-08-06T16:46:28Z <<<

For more information on Whois status codes, ple"
german,2026-08-06 16:04:19,SIMILARDOMAIN_WHOIS,sfp_whois,ww88.cc,0,"   Domain Name: WW88.CC
   Registry Domain ID: 110080503_DOMAIN_CC-VRSN
   Registrar WHOIS Server: whois.22.cn
   Registrar URL: http://www.22.cn
   Updated Date: 2026-05-14T11:54:49Z
   Creation Date: 2014-10-01T08:30:30Z
   Registry Expiry Date: 2026-10-01T08:30:30Z
   Registrar: 22net, Inc.
   Registrar IANA ID: 1555
   Registrar Abuse Contact Email: abuse@22.cn
   Registrar Abuse Contact Phone: +86.571.88276020
   Domain Status: clientTransferProhibited https://icann.org/epp#clientTransferProhibited
   Name Server: NS1.AFTERNIC.COM
   Name Server: NS2.AFTERNIC.COM
   DNSSEC: unsigned
   URL of the ICANN Whois Inaccuracy Complaint Form: https://www.icann.org/wicf/
>>> Last update of WHOIS database: 2026-08-06T16:04:01Z <<<

For more information on Whois status codes, please visit https://icann.org/epp

NOTICE: The expiration date displayed in this record is the date the
registrar's sponsorship of the domain name registration in the registry is
currently set to expire. This date does n"
german,2026-08-06 16:09:27,SIMILARDOMAIN_WHOIS,sfp_whois,ww88.com,0,"   Domain Name: WW88.COM
   Registry Domain ID: 130378540_DOMAIN_COM-VRSN
   Registrar WHOIS Server: whois.godaddy.com
   Registrar URL: http://www.godaddy.com
   Updated Date: 2026-04-13T12:58:25Z
   Creation Date: 2004-09-19T13:06:57Z
   Registry Expiry Date: 2027-09-19T13:06:57Z
   Registrar: GoDaddy.com, LLC
   Registrar IANA ID: 146
   Registrar Abuse Contact Email: abuse@godaddy.com
   Registrar Abuse Contact Phone: 480-624-2505
   Domain Status: clientDeleteProhibited https://icann.org/epp#clientDeleteProhibited
   Domain Status: clientRenewProhibited https://icann.org/epp#clientRenewProhibited
   Domain Status: clientTransferProhibited https://icann.org/epp#clientTransferProhibited
   Domain Status: clientUpdateProhibited https://icann.org/epp#clientUpdateProhibited
   Name Server: PNS51.CLOUDNS.NET
   Name Server: PNS52.CLOUDNS.NET
   Name Server: PNS53.CLOUDNS.NET
   Name Server: PNS54.CLOUDNS.NET
   DNSSEC: unsigned
   URL of the ICANN Whois Inaccuracy Complaint Form: https://ww"
german,2026-08-06 16:22:29,SIMILARDOMAIN_WHOIS,sfp_whois,ww88.net,0,"   Domain Name: WW88.NET
   Registry Domain ID: 1598760964_DOMAIN_NET-VRSN
   Registrar WHOIS Server: whois.godaddy.com
   Registrar URL: http://www.godaddy.com
   Updated Date: 2026-06-05T13:04:48Z
   Creation Date: 2010-05-24T07:26:11Z
   Registry Expiry Date: 2027-05-24T07:26:11Z
   Registrar: GoDaddy.com, LLC
   Registrar IANA ID: 146
   Registrar Abuse Contact Email: abuse@godaddy.com
   Registrar Abuse Contact Phone: 480-624-2505
   Domain Status: clientDeleteProhibited https://icann.org/epp#clientDeleteProhibited
   Domain Status: clientRenewProhibited https://icann.org/epp#clientRenewProhibited
   Domain Status: clientTransferProhibited https://icann.org/epp#clientTransferProhibited
   Domain Status: clientUpdateProhibited https://icann.org/epp#clientUpdateProhibited
   Name Server: NS25.DOMAINCONTROL.COM
   Name Server: NS26.DOMAINCONTROL.COM
   DNSSEC: unsigned
   URL of the ICANN Whois Inaccuracy Complaint Form: https://www.icann.org/wicf/
>>> Last update of whois database: 2026-"
german,2026-08-06 16:00:43,SIMILARDOMAIN_WHOIS,sfp_whois,ww88.com.br,0,"% Copyright (c) Nic.br - Use of this data is governed by the Use and
% Privacy Policy at https://registro.br/upp . Distribution,
% commercialization, reproduction, and use for advertising or similar
% purposes are expressly prohibited.
% 2026-08-06T13:00:43-03:00 - 92.211.149.84

domain:      ww88.com.br
owner:       Francisco Firmino Soares Junior
owner-c:     FFSJU66
tech-c:      FFSJU66
nserver:     clarissa.ns.cloudflare.com
nsstat:      20260806 AA
nslastaa:    20260806
nserver:     tadeo.ns.cloudflare.com
nsstat:      20260806 AA
nslastaa:    20260806
saci:        yes
created:     20250517 #29579294
changed:     20260406
expires:     20270517
status:      published

nic-hdl-br:  FFSJU66
person:      Francisco Firmino Soares Junior
created:     20250408
changed:     20260224

% Security and mail abuse issues should also be addressed to cert.br,
% respectivelly to cert@cert.br and mail-abuse@cert.br
%
% whois.registro.br only accepts exact match queries for domains,
% registrants, contacts, tickets, provi"
german,2026-08-06 16:09:36,SIMILARDOMAIN_WHOIS,sfp_whois,ww88.is,0,"% This is the ISNIC Whois server.
%
% Rights restricted by copyright.
% See https://www.isnic.is/en/about/copyright

domain:       ww88.is
registrant:   TH6958-IS
admin-c:      NI231-IS
tech-c:       NI231-IS
zone-c:       CN25-IS
billing-c:    NI230-IS
nserver:      linda.ns.cloudflare.com
nserver:      yew.ns.cloudflare.com
dnssec:       unsigned delegation
created:      December  8 2025
expires:      December  8 2026
source:       ISNIC 

nic-hdl:      TH6958-IS
address:      VN
created:      December  8 2025
source:       ISNIC 

role:         NameCheap, Inc.
nic-hdl:      NI230-IS
address:      4600 East Washington Street, Suite 305
address:      Phoenix, AZ 85034
address:      US
phone:        +1 6613102107
e-mail:       isnicdomains2@namecheap.com
created:      March 21 2019
source:       ISNIC 

role:         NameCheap, Inc.
nic-hdl:      NI231-IS
address:      4600 East Washington Street, Suite 305
address:      Phoenix, AZ 85034
address:      US
phone:        +1 6613102107
e-mail:       isnicdomains"
german,2026-08-06 15:59:22,SIMILARDOMAIN_WHOIS,sfp_whois,ww88.ad,0,"% This is the RIPE Database query service.
% The objects are in RPSL format.
%
% The RIPE Database is subject to Terms and Conditions.
% See https://docs.db.ripe.net/terms-conditions.html

% Note: this output has been filtered.
%       To receive output for a database update, use the ""-B"" flag.

%ERROR:101: no entries found
%
% No entries found in source RIPE.

% This query was served by the RIPE Database Query Service version 1.123 (BUSA)


"
german,2026-08-06 16:27:02,SIMILARDOMAIN_WHOIS,sfp_whois,ww88.tw,0,"% [whois.apnic.net]
% Whois data copyright terms    http://www.apnic.net/db/dbcopyright.html

%ERROR:101: no entries found
%
% No entries found in source APNIC,JPNIC,KRNIC,TWNIC,IDNIC,IRINN-GRS.

% This query was served by the APNIC Whois Service version 1.88.48 (WHOIS-UK2)


"
german,2026-08-06 16:44:15,SIMILARDOMAIN_WHOIS,sfp_whois,ww88.on-web.fr,0,"%%
%% This is the AFNIC Whois server.
%%
%% complete date format: YYYY-MM-DDThh:mm:ssZ
%%
%% Rights restricted by copyright.
%% See https://www.afnic.fr/en/domain-names-and-support/everything-there-is-to-know-about-domain-names/find-a-domain-name-or-a-holder-using-whois/
%%
%%

%% NOT FOUND

>>> Last update of WHOIS database: 2026-08-06T16:44:14.827381Z <<<

"
german,2026-08-06 15:59:18,PHONE_NUMBER,sfp_phone,"Domain Name: ww88.top
Registry Domain ID: D20240315G10001G_19634277-top
Registrar WHOIS Server: whois.namecheap.com
Registrar URL: https://www.namecheap.com/
Updated Date: 2026-03-13T07:58:47Z
Creation Date: 2024-03-15T12:31:09Z
Registry Expiry Date: 2027-03-15T12:31:09Z
Registrar: Namecheap Inc.
Registrar IANA ID: 1068
Registrar Abuse Contact Email: abuse@namecheap.com
Registrar Abuse Contact Phone: +1.6613102107
Domain Status: clientTransferProhibited https://icann.org/epp#clientTransferProhibited
Registry Registrant ID: REDACTED FOR PRIVACY
Registrant Name: REDACTED FOR PRIVACY
Registrant Organization: REDACTED FOR PRIVACY
Registrant Street:  REDACTED FOR PRIVACY
Registrant City: REDACTED FOR PRIVACY
Registrant State/Province: Capital Region
Registrant Postal Code: REDACTED FOR PRIVACY
Registrant Country: IS
Registrant Phone: REDACTED FOR PRIVACY
Registrant Phone Ext: REDACTED FOR PRIVACY
Registrant Fax: REDACTED FOR PRIVACY
Registrant Fax Ext: REDACTED FOR PRIVACY
Registrant Email:",0,+16613102107
german,2026-08-06 15:59:18,PHONE_NUMBER,sfp_phone,"Domain Name: ww88.top
Registry Domain ID: D20240315G10001G_19634277-top
Registrar WHOIS Server: whois.namecheap.com
Registrar URL: https://www.namecheap.com/
Updated Date: 2026-03-13T07:58:47Z
Creation Date: 2024-03-15T12:31:09Z
Registry Expiry Date: 2027-03-15T12:31:09Z
Registrar: Namecheap Inc.
Registrar IANA ID: 1068
Registrar Abuse Contact Email: abuse@namecheap.com
Registrar Abuse Contact Phone: +1.6613102107
Domain Status: clientTransferProhibited https://icann.org/epp#clientTransferProhibited
Registry Registrant ID: REDACTED FOR PRIVACY
Registrant Name: REDACTED FOR PRIVACY
Registrant Organization: REDACTED FOR PRIVACY
Registrant Street:  REDACTED FOR PRIVACY
Registrant City: REDACTED FOR PRIVACY
Registrant State/Province: Capital Region
Registrant Postal Code: REDACTED FOR PRIVACY
Registrant Country: IS
Registrant Phone: REDACTED FOR PRIVACY
Registrant Phone Ext: REDACTED FOR PRIVACY
Registrant Fax: REDACTED FOR PRIVACY
Registrant Fax Ext: REDACTED FOR PRIVACY
Registrant Email:",0,+19854014545
german,2026-08-06 15:59:18,PHONE_NUMBER,sfp_phone,"Domain Name: ww88.top
Registry Domain ID: D20240315G10001G_19634277-top
Registrar WHOIS Server: whois.namecheap.com
Registrar URL: https://www.namecheap.com/
Updated Date: 2026-03-13T07:58:47Z
Creation Date: 2024-03-15T12:31:09Z
Registry Expiry Date: 2027-03-15T12:31:09Z
Registrar: Namecheap Inc.
Registrar IANA ID: 1068
Registrar Abuse Contact Email: abuse@namecheap.com
Registrar Abuse Contact Phone: +1.6613102107
Domain Status: clientTransferProhibited https://icann.org/epp#clientTransferProhibited
Registry Registrant ID: REDACTED FOR PRIVACY
Registrant Name: REDACTED FOR PRIVACY
Registrant Organization: REDACTED FOR PRIVACY
Registrant Street:  REDACTED FOR PRIVACY
Registrant City: REDACTED FOR PRIVACY
Registrant State/Province: Capital Region
Registrant Postal Code: REDACTED FOR PRIVACY
Registrant Country: IS
Registrant Phone: REDACTED FOR PRIVACY
Registrant Phone Ext: REDACTED FOR PRIVACY
Registrant Fax: REDACTED FOR PRIVACY
Registrant Fax Ext: REDACTED FOR PRIVACY
Registrant Email:",0,+3544212434
german,2026-08-06 15:59:18,PHONE_NUMBER,sfp_phone,"Domain Name: ww88.top
Registry Domain ID: D20240315G10001G_19634277-top
Registrar WHOIS Server: whois.namecheap.com
Registrar URL: https://www.namecheap.com/
Updated Date: 2026-03-13T07:58:47Z
Creation Date: 2024-03-15T12:31:09Z
Registry Expiry Date: 2027-03-15T12:31:09Z
Registrar: Namecheap Inc.
Registrar IANA ID: 1068
Registrar Abuse Contact Email: abuse@namecheap.com
Registrar Abuse Contact Phone: +1.6613102107
Domain Status: clientTransferProhibited https://icann.org/epp#clientTransferProhibited
Registry Registrant ID: REDACTED FOR PRIVACY
Registrant Name: REDACTED FOR PRIVACY
Registrant Organization: REDACTED FOR PRIVACY
Registrant Street:  REDACTED FOR PRIVACY
Registrant City: REDACTED FOR PRIVACY
Registrant State/Province: Capital Region
Registrant Postal Code: REDACTED FOR PRIVACY
Registrant Country: IS
Registrant Phone: REDACTED FOR PRIVACY
Registrant Phone Ext: REDACTED FOR PRIVACY
Registrant Fax: REDACTED FOR PRIVACY
Registrant Fax Ext: REDACTED FOR PRIVACY
Registrant Email:",0,+3544212434
german,2026-08-06 15:59:18,PHONE_NUMBER,sfp_phone,"Domain Name: ww88.top
Registry Domain ID: D20240315G10001G_19634277-top
Registrar WHOIS Server: whois.namecheap.com
Registrar URL: https://www.namecheap.com/
Updated Date: 2026-03-13T07:58:47Z
Creation Date: 2024-03-15T12:31:09Z
Registry Expiry Date: 2027-03-15T12:31:09Z
Registrar: Namecheap Inc.
Registrar IANA ID: 1068
Registrar Abuse Contact Email: abuse@namecheap.com
Registrar Abuse Contact Phone: +1.6613102107
Domain Status: clientTransferProhibited https://icann.org/epp#clientTransferProhibited
Registry Registrant ID: REDACTED FOR PRIVACY
Registrant Name: REDACTED FOR PRIVACY
Registrant Organization: REDACTED FOR PRIVACY
Registrant Street:  REDACTED FOR PRIVACY
Registrant City: REDACTED FOR PRIVACY
Registrant State/Province: Capital Region
Registrant Postal Code: REDACTED FOR PRIVACY
Registrant Country: IS
Registrant Phone: REDACTED FOR PRIVACY
Registrant Phone Ext: REDACTED FOR PRIVACY
Registrant Fax: REDACTED FOR PRIVACY
Registrant Fax Ext: REDACTED FOR PRIVACY
Registrant Email:",0,+3544212434
german,2026-08-06 16:31:01,AFFILIATE_EMAILADDR,sfp_email,"Domain Name: ww88.bar
Registry Domain ID: DO_42f60c4d81216095903a01992ecbe44b-PUNTO
Registrar WHOIS Server: whois.namecheap.com
Registrar URL: https://www.namecheap.com
Updated Date: 2026-08-04T19:46:50.877Z
Creation Date: 2025-10-03T02:52:00.585Z
Registry Expiry Date: 2026-10-03T02:52:00.585Z
Registrar: NAMECHEAP
Registrar IANA ID: 1068
Registrar Abuse Contact Email: support@namecheap.com
Registrar Abuse Contact Phone: +1.3102593259
Domain Status: clientTransferProhibited https://icann.org/epp#clientTransferProhibited
Name Server: dns101.registrar-servers.com
Name Server: dns102.registrar-servers.com
DNSSEC: unsigned
URL of the ICANN RDDS Inaccuracy Complaint Form: https://icann.org/wicf

>>> Last update of WHOIS database: 2026-08-06T16:30:56.579Z <<<

For more information on domain status codes, please visit https://icann.org/epp

The WHOIS information provided in this page has been redacted
in compliance with ICANN's Temporary Specification for gTLD
Registration Data.

The data in ",0,04334f5225ba4e1db721c713c5dceded.protect@withheldforprivacy.com
german,2026-08-06 16:38:54,AFFILIATE_EMAILADDR,sfp_email,"Domain Name: ww88.tattoo
Registry Domain ID: REDACTED FOR PRIVACY
Registrar WHOIS Server: whois.namecheap.com
Registrar URL: http://www.namecheap.com
Updated Date: 2026-02-19T12:40:21Z
Creation Date: 2025-12-21T12:40:18Z
Registry Expiry Date: 2026-12-21T12:40:18Z
Registrar: NameCheap, Inc.
Registrar IANA ID: 1068
Registrar Abuse Contact Email: abuse@namecheap.com
Registrar Abuse Contact Phone: +1.6613102107
Domain Status: clientTransferProhibited https://icann.org/epp#clientTransferProhibited
Registry Registrant ID: REDACTED FOR PRIVACY
Registrant Name: REDACTED FOR PRIVACY
Registrant Organization: Privacy service provided by Withheld for Privacy ehf
Registrant Street: REDACTED FOR PRIVACY
Registrant Street: REDACTED FOR PRIVACY
Registrant Street: REDACTED FOR PRIVACY
Registrant City: REDACTED FOR PRIVACY
Registrant State/Province: Capital Region
Registrant Postal Code: REDACTED FOR PRIVACY
Registrant Country: IS
Registrant Phone: REDACTED FOR PRIVACY
Registrant Phone Ext: REDACTED FOR ",0,07fe55b6835f4daba06dba197ee13a52.protect@withheldforprivacy.com
german,2026-08-06 16:31:05,AFFILIATE_EMAILADDR,sfp_email,"Domain Name: WW88.BEST
Registry Domain ID: D582299244-CNIC
Registrar WHOIS Server: whois.namecheap.com
Registrar URL: https://namecheap.com
Updated Date: 2025-09-01T12:22:45.0Z
Creation Date: 2025-08-16T10:35:17.0Z
Registry Expiry Date: 2026-08-16T23:59:59.0Z
Registrar: NameCheap, Inc.
Registrar IANA ID: 1068
Domain Status: clientTransferProhibited https://icann.org/epp#clientTransferProhibited
Registrant Organization: Privacy service provided by Withheld for Privacy ehf
Registrant State/Province: Capital Region
Registrant Country: IS
Registrant Email: Please query the RDDS service of the Registrar of Record identified in this output for information on how to contact the Registrant, Admin, or Tech contact of the queried domain name.
Tech Email: Please query the RDDS service of the Registrar of Record identified in this output for information on how to contact the Registrant, Admin, or Tech contact of the queried domain name.
Name Server: JACOB.NS.CLOUDFLARE.COM
Name Server: LILITH.NS.CLOUDFLAR",0,0c5dc6346eb545bbbd442a971d0204e9.protect@withheldforprivacy.com
german,2026-08-06 16:35:45,AFFILIATE_EMAILADDR,sfp_email,"Domain Name: ww88.link
Registry Domain ID: DO_2662f36760d663f6f478db6165c8deab-UR
Registrar WHOIS Server: whois.namecheap.com
Registrar URL: https://www.namecheap.com
Updated Date: 2025-12-14T12:17:19.369Z
Creation Date: 2025-12-09T12:16:48.407Z
Registry Expiry Date: 2026-12-09T12:16:48.407Z
Registrar: NAMECHEAP
Registrar IANA ID: 1068
Registrar Abuse Contact Email: abuse@namecheap.com
Registrar Abuse Contact Phone: +1.6613102107
Domain Status: clientTransferProhibited https://icann.org/epp#clientTransferProhibited
Name Server: arvind.ns.cloudflare.com
Name Server: addilyn.ns.cloudflare.com
DNSSEC: unsigned
URL of the ICANN RDDS Inaccuracy Complaint Form: https://icann.org/wicf

>>> Last update of WHOIS database: 2026-08-06T16:35:35.635Z <<<

For more information on domain status codes, please visit https://icann.org/epp

The WHOIS information provided in this page has been redacted
in compliance with ICANN's Temporary Specification for gTLD
Registration Data.

The data in this record",0,104a78b9bb0546129deefb96a4b9a659.protect@withheldforprivacy.com
german,2026-08-06 15:58:51,AFFILIATE_IPADDR,sfp_dnsresolve,kevin.ns.cloudflare.com,0,108.162.193.191
german,2026-08-06 15:59:18,AFFILIATE_IPADDR,sfp_dnsresolve,melina.ns.cloudflare.com,0,108.162.194.184
german,2026-08-06 16:37:15,AFFILIATE_EMAILADDR,sfp_email,"Domain Name: ww88.one
Registry Domain ID: REDACTED FOR PRIVACY
Registrar WHOIS Server: whois.namecheap.com
Registrar URL: http://www.namecheap.com
Updated Date: 2026-05-24T05:52:05Z
Creation Date: 2024-06-26T02:56:51Z
Registry Expiry Date: 2027-06-26T02:56:51Z
Registrar: NameCheap, Inc.
Registrar IANA ID: 1068
Registrar Abuse Contact Email: abuse@namecheap.com
Registrar Abuse Contact Phone: +1.6613102107
Domain Status: clientTransferProhibited https://icann.org/epp#clientTransferProhibited
Registry Registrant ID: REDACTED FOR PRIVACY
Registrant Name: REDACTED FOR PRIVACY
Registrant Organization: Privacy service provided by Withheld for Privacy ehf
Registrant Street: REDACTED FOR PRIVACY
Registrant Street: REDACTED FOR PRIVACY
Registrant Street: REDACTED FOR PRIVACY
Registrant City: REDACTED FOR PRIVACY
Registrant State/Province: Capital Region
Registrant Postal Code: REDACTED FOR PRIVACY
Registrant Country: IS
Registrant Phone: REDACTED FOR PRIVACY
Registrant Phone Ext: REDACTED FOR PRI",0,15c25aba57964f0b8807eeeb62041cea.protect@withheldforprivacy.com
german,2026-08-06 15:59:19,AFFILIATE_IPADDR,sfp_dnsresolve,melina.ns.cloudflare.com,0,162.159.38.184
german,2026-08-06 15:58:51,AFFILIATE_IPADDR,sfp_dnsresolve,kevin.ns.cloudflare.com,0,172.64.33.191
german,2026-08-06 15:59:18,AFFILIATE_IPADDR,sfp_dnsresolve,melina.ns.cloudflare.com,0,172.64.34.184
german,2026-08-06 15:58:51,AFFILIATE_IPADDR,sfp_dnsresolve,kevin.ns.cloudflare.com,0,173.245.59.191
german,2026-08-06 15:57:43,AFFILIATE_IPADDR,sfp_dnsresolve,mail.ww88.top,0,194.110.247.75
german,2026-08-06 15:57:41,HTTP_CODE,sfp_spider,even.ww88.top,0,200
german,2026-08-06 15:59:19,AFFILIATE_IPV6_ADDRESS,sfp_dnsresolve,melina.ns.cloudflare.com,0,2606:4700:50::a29f:26b8
german,2026-08-06 15:58:51,AFFILIATE_IPV6_ADDRESS,sfp_dnsresolve,kevin.ns.cloudflare.com,0,2606:4700:58::adf5:3bbf
german,2026-08-06 15:58:51,AFFILIATE_IPV6_ADDRESS,sfp_dnsresolve,kevin.ns.cloudflare.com,0,2803:f800:50::6ca2:c1bf
german,2026-08-06 15:59:18,AFFILIATE_IPV6_ADDRESS,sfp_dnsresolve,melina.ns.cloudflare.com,0,2803:f800:50::6ca2:c2b8
german,2026-08-06 15:58:51,AFFILIATE_IPV6_ADDRESS,sfp_dnsresolve,kevin.ns.cloudflare.com,0,2a06:98c1:50::ac40:21bf
german,2026-08-06 15:59:18,AFFILIATE_IPV6_ADDRESS,sfp_dnsresolve,melina.ns.cloudflare.com,0,2a06:98c1:50::ac40:22b8
german,2026-08-06 16:37:27,AFFILIATE_EMAILADDR,sfp_email,"Domain Name: ww88.osaka
Registry Domain ID: REDACTED FOR PRIVACY
Registrar WHOIS Server: whois.namecheap.com
Registrar URL: http://www.namecheap.com
Updated Date: 2026-02-03T03:13:47Z
Creation Date: 2025-03-02T12:10:06Z
Registry Expiry Date: 2027-03-02T12:10:06Z
Registrar: NameCheap, Inc.
Registrar IANA ID: 1068
Registrar Abuse Contact Email: abuse@namecheap.com
Registrar Abuse Contact Phone: +1.6613102107
Domain Status: clientTransferProhibited https://icann.org/epp#clientTransferProhibited
Registry Registrant ID: REDACTED FOR PRIVACY
Registrant Name: REDACTED FOR PRIVACY
Registrant Organization: Privacy service provided by Withheld for Privacy ehf
Registrant Street: REDACTED FOR PRIVACY
Registrant Street: REDACTED FOR PRIVACY
Registrant Street: REDACTED FOR PRIVACY
Registrant City: REDACTED FOR PRIVACY
Registrant State/Province: Capital Region
Registrant Postal Code: REDACTED FOR PRIVACY
Registrant Country: IS
Registrant Phone: REDACTED FOR PRIVACY
Registrant Phone Ext: REDACTED FOR P",0,2f225cb7231040d5822fe2aadbff4c77.protect@withheldforprivacy.com
german,2026-08-06 15:59:57,AFFILIATE_EMAILADDR,sfp_email,"Domain Name: ww88.top
Registry Domain ID: D20240315G10001G_19634277-top
Registrar WHOIS Server: whois.namecheap.com
Registrar URL: https://www.namecheap.com/
Updated Date: 2026-03-13T07:58:47Z
Creation Date: 2024-03-15T12:31:09Z
Registry Expiry Date: 2027-03-15T12:31:09Z
Registrar: Namecheap Inc.
Registrar IANA ID: 1068
Registrar Abuse Contact Email: abuse@namecheap.com
Registrar Abuse Contact Phone: +1.6613102107
Domain Status: clientTransferProhibited https://icann.org/epp#clientTransferProhibited
Registry Registrant ID: REDACTED FOR PRIVACY
Registrant Name: REDACTED FOR PRIVACY
Registrant Organization: REDACTED FOR PRIVACY
Registrant Street:  REDACTED FOR PRIVACY
Registrant City: REDACTED FOR PRIVACY
Registrant State/Province: Capital Region
Registrant Postal Code: REDACTED FOR PRIVACY
Registrant Country: IS
Registrant Phone: REDACTED FOR PRIVACY
Registrant Phone Ext: REDACTED FOR PRIVACY
Registrant Fax: REDACTED FOR PRIVACY
Registrant Fax Ext: REDACTED FOR PRIVACY
Registrant Email:",0,3606925b6ff74b169e04f77690bcdd3f.protect@withheldforprivacy.com
german,2026-08-06 16:00:36,AFFILIATE_EMAILADDR,sfp_email,"Domain Name: ww88.ac
Registry Domain ID: REDACTED
Registrar WHOIS Server: whois.namecheap.com
Registrar URL: https://www.namecheap.com/
Updated Date: 2026-07-15T08:41:35Z
Creation Date: 2025-07-15T08:33:17Z
Registry Expiry Date: 2027-07-15T08:33:17Z
Registrar: NameCheap, Inc.
Registrar IANA ID: 1068
Registrar Abuse Contact Email: abuse@namecheap.com
Registrar Abuse Contact Phone: +1.9854014545
Domain Status: clientTransferProhibited https://icann.org/epp#clientTransferProhibited
Domain Status: autoRenewPeriod https://icann.org/epp#autoRenewPeriod
Registry Registrant ID: REDACTED
Registrant Name: REDACTED
Registrant Organization: Privacy service provided by Withheld for Privacy ehf
Registrant Street: REDACTED
Registrant City: REDACTED
Registrant State/Province: Capital Region
Registrant Postal Code: REDACTED
Registrant Country: IS
Registrant Phone: REDACTED
Registrant Phone Ext: REDACTED
Registrant Fax: REDACTED
Registrant Fax Ext: REDACTED
Registrant Email: REDACTED
Registry Admin ID",0,41147373146b4dc59c43806f087b8673.protect@withheldforprivacy.com
german,2026-08-06 15:59:11,BGP_AS_MEMBER,sfp_ripe,92.119.167.0/24,0,48314
german,2026-08-06 16:37:24,AFFILIATE_EMAILADDR,sfp_email,"Domain Name: ww88.online
Registry Domain ID: D618144684-CNIC
Registrar WHOIS Server: whois.namecheap.com
Registrar URL: https://www.namecheap.com/
Updated Date: 2026-08-06T00:20:28.322Z
Creation Date: 2025-11-07T00:14:15.000Z
Registry Expiry Date: 2026-11-07T23:59:59.000Z
Registrar: NameCheap, Inc.
Registrar IANA ID: 1068
Registrar Abuse Contact Email: abuse@namecheap.com
Registrar Abuse Contact Phone: +1.9854014545
Domain Status: clientTransferProhibited https://icann.org/epp#clientTransferProhibited
Name Server: ns1.afternic.com
Name Server: ns2.afternic.com
DNSSEC: unsigned
URL of the ICANN RDDS Inaccuracy Complaint Form: https://icann.org/wicf

>>> Last update of WHOIS database: 2026-08-06T16:37:16.006Z <<<

For more information on domain status codes, please visit https://icann.org/epp

The WHOIS information provided in this page has been redacted
in compliance with ICANN's Temporary Specification for gTLD
Registration Data.

The data in this record is provided by Tucows Registry",0,4b0cd579a5d040f29dec1b1409675108.protect@withheldforprivacy.com
german,2026-08-06 16:34:37,AFFILIATE_EMAILADDR,sfp_email,"Domain Name: ww88.fun
Registry Domain ID: D502453710-CNIC
Registrar WHOIS Server: whois.namecheap.com
Registrar URL: https://www.namecheap.com/
Updated Date: 2025-02-13T10:18:27.000Z
Creation Date: 2024-11-15T11:26:05.000Z
Registry Expiry Date: 2026-11-15T23:59:59.000Z
Registrar: NameCheap, Inc.
Registrar IANA ID: 1068
Registrar Abuse Contact Email: abuse@namecheap.com
Registrar Abuse Contact Phone: +1.9854014545
Domain Status: clientTransferProhibited https://icann.org/epp#clientTransferProhibited
Name Server: miki.ns.cloudflare.com
Name Server: nicolas.ns.cloudflare.com
DNSSEC: unsigned
URL of the ICANN RDDS Inaccuracy Complaint Form: https://icann.org/wicf

>>> Last update of WHOIS database: 2026-08-06T16:34:31.894Z <<<

For more information on domain status codes, please visit https://icann.org/epp

The WHOIS information provided in this page has been redacted
in compliance with ICANN's Temporary Specification for gTLD
Registration Data.

The data in this record is provided by Tuc",0,5887518252d64efb88770a3cf0c80ee6.protect@withheldforprivacy.com
german,2026-08-06 16:38:11,AFFILIATE_EMAILADDR,sfp_email,"Domain Name: WW88.QUEST
Registry Domain ID: D488650224-CNIC
Registrar WHOIS Server: whois.namecheap.com
Registrar URL: https://namecheap.com
Updated Date: 2025-10-01T12:20:13.0Z
Creation Date: 2024-09-25T11:28:30.0Z
Registry Expiry Date: 2026-09-25T23:59:59.0Z
Registrar: NameCheap, Inc.
Registrar IANA ID: 1068
Domain Status: clientTransferProhibited https://icann.org/epp#clientTransferProhibited
Name Server: DNS1.REGISTRAR-SERVERS.COM
Name Server: DNS2.REGISTRAR-SERVERS.COM
DNSSEC: unsigned
Registrar Abuse Contact Email: abuse@namecheap.com
Registrar Abuse Contact Phone: +1.9854014545
URL of the ICANN Whois Inaccuracy Complaint Form: https://www.icann.org/wicf/
>>> Last update of WHOIS database: 2026-08-06T16:38:01.0Z <<<

For more information on Whois status codes, please visit https://icann.org/epp

The registration data available in this service is limited. Additional
data may be available at https://lookup.icann.org

The Whois and RDAP services are provided by CentralNic, and contai",0,5eb2536d1f0141d5a356d5b25cd9df61.protect@withheldforprivacy.com
german,2026-08-06 16:30:44,AFFILIATE_EMAILADDR,sfp_email,"Domain Name: ww88.africa
Registry Domain ID: 5f9j_DOMAIN-AFRICA
Registrar WHOIS Server: whois.namecheap.com
Registrar URL: https://www.namecheap.com
Updated Date: 2026-04-19T08:08:29Z
Creation Date: 2026-04-07T08:08:24Z
Registry Expiry Date: 2027-04-07T08:08:24Z
Registrar Registration Expiration Date: 2027-04-07T08:08:24Z
Registrar: Namecheap, Inc.
Registrar IANA ID: 1068
Registrar Abuse Contact Email: abuse@namecheap.com
Registrar Abuse Contact Phone: +1.6613102107
Reseller: 
Domain Status: clientTransferProhibited https://icann.org/epp#clientTransferProhibited
Registrant Organization: 
Registrant Country: IS
Registrant Email: Please contact the RDDS service of the listed Registrar for Registrant, Admin, or Tech contact information.
Admin Email: Please contact the RDDS service of the listed Registrar for Registrant, Admin, or Tech contact information.
Tech Email: Please contact the RDDS service of the listed Registrar for Registrant, Admin, or Tech contact information.
Billing Email: Please contact the RDDS ",0,63524e79611345b0889c435db61ae92b.protect@withheldforprivacy.com
german,2026-08-06 16:30:55,AFFILIATE_EMAILADDR,sfp_email,"Domain Name: WW88.BABY
Registry Domain ID: D575754150-CNIC
Registrar WHOIS Server: whois.namecheap.com
Registrar URL: https://namecheap.com
Updated Date: 2026-07-30T00:12:32.0Z
Creation Date: 2025-07-29T08:32:14.0Z
Registry Expiry Date: 2027-07-29T23:59:59.0Z
Registrar: NameCheap, Inc.
Registrar IANA ID: 1068
Domain Status: clientTransferProhibited https://icann.org/epp#clientTransferProhibited
Domain Status: autoRenewPeriod https://icann.org/epp#autoRenewPeriod
Name Server: DNS101.REGISTRAR-SERVERS.COM
Name Server: DNS102.REGISTRAR-SERVERS.COM
DNSSEC: unsigned
Registrar Abuse Contact Email: abuse@namecheap.com
Registrar Abuse Contact Phone: +1.9854014545
URL of the ICANN Whois Inaccuracy Complaint Form: https://www.icann.org/wicf/
>>> Last update of WHOIS database: 2026-08-06T16:30:53.0Z <<<

For more information on Whois status codes, please visit https://icann.org/epp

The registration data available in this service is limited. Additional
data may be available at https://lookup.icann.",0,670374e0112f4640ba2d5acbb772e019.protect@withheldforprivacy.com
german,2026-08-06 16:37:50,AFFILIATE_EMAILADDR,sfp_email,"Domain Name: ww88.photo
Registry Domain ID: REDACTED FOR PRIVACY
Registrar WHOIS Server: whois.namecheap.com
Registrar URL: http://www.namecheap.com
Updated Date: 2025-10-14T17:07:45Z
Creation Date: 2024-08-27T09:02:52Z
Registry Expiry Date: 2026-08-27T09:02:52Z
Registrar: NameCheap, Inc.
Registrar IANA ID: 1068
Registrar Abuse Contact Email: abuse@namecheap.com
Registrar Abuse Contact Phone: +1.6613102107
Domain Status: clientTransferProhibited https://icann.org/epp#clientTransferProhibited
Registry Registrant ID: REDACTED FOR PRIVACY
Registrant Name: REDACTED FOR PRIVACY
Registrant Organization: Privacy service provided by Withheld for Privacy ehf
Registrant Street: REDACTED FOR PRIVACY
Registrant Street: REDACTED FOR PRIVACY
Registrant Street: REDACTED FOR PRIVACY
Registrant City: REDACTED FOR PRIVACY
Registrant State/Province: Capital Region
Registrant Postal Code: REDACTED FOR PRIVACY
Registrant Country: IS
Registrant Phone: REDACTED FOR PRIVACY
Registrant Phone Ext: REDACTED FOR P",0,77893d906d26485dbe18f241b7f3a07b.protect@withheldforprivacy.com
german,2026-08-06 16:34:53,AFFILIATE_EMAILADDR,sfp_email,"Domain Name: ww88.gift
Registry Domain ID: DO_548b93c195a6368bbe023eb3874fbb7a-UR
Registrar WHOIS Server: whois.namecheap.com
Registrar URL: https://www.namecheap.com
Updated Date: 2026-04-12T08:04:50.395Z
Creation Date: 2024-06-18T07:15:21.150Z
Registry Expiry Date: 2028-06-18T07:15:21.150Z
Registrar: NAMECHEAP
Registrar IANA ID: 1068
Registrar Abuse Contact Email: support@namecheap.com
Registrar Abuse Contact Phone: +1.3102593259
Domain Status: clientTransferProhibited https://icann.org/epp#clientTransferProhibited
Name Server: beau.ns.cloudflare.com
Name Server: tina.ns.cloudflare.com
DNSSEC: unsigned
URL of the ICANN RDDS Inaccuracy Complaint Form: https://icann.org/wicf

>>> Last update of WHOIS database: 2026-08-06T16:34:50.433Z <<<

For more information on domain status codes, please visit https://icann.org/epp

The WHOIS information provided in this page has been redacted
in compliance with ICANN's Temporary Specification for gTLD
Registration Data.

The data in this record is",0,855a294d975348e79b074b0d1695e41b.protect@withheldforprivacy.com
german,2026-08-06 15:58:12,NETBLOCK_MEMBER,sfp_ripe,92.119.167.175,0,92.119.167.0/24
german,2026-08-06 15:57:52,AFFILIATE_IPADDR,sfp_dnsneighbor,92.119.167.175,0,92.119.167.160
german,2026-08-06 15:57:52,AFFILIATE_IPADDR,sfp_dnsneighbor,92.119.167.175,0,92.119.167.161
german,2026-08-06 15:57:52,AFFILIATE_IPADDR,sfp_dnsneighbor,92.119.167.175,0,92.119.167.162
german,2026-08-06 15:57:52,AFFILIATE_IPADDR,sfp_dnsneighbor,92.119.167.175,0,92.119.167.163
german,2026-08-06 15:57:52,AFFILIATE_IPADDR,sfp_dnsneighbor,92.119.167.175,0,92.119.167.164
german,2026-08-06 15:57:52,AFFILIATE_IPADDR,sfp_dnsneighbor,92.119.167.175,0,92.119.167.165
german,2026-08-06 15:57:53,AFFILIATE_IPADDR,sfp_dnsneighbor,92.119.167.175,0,92.119.167.166
german,2026-08-06 15:57:55,AFFILIATE_IPADDR,sfp_dnsneighbor,92.119.167.175,0,92.119.167.167
german,2026-08-06 15:57:57,AFFILIATE_IPADDR,sfp_dnsneighbor,92.119.167.175,0,92.119.167.168
german,2026-08-06 15:57:57,AFFILIATE_IPADDR,sfp_dnsneighbor,92.119.167.175,0,92.119.167.169
german,2026-08-06 15:57:57,AFFILIATE_IPADDR,sfp_dnsneighbor,92.119.167.175,0,92.119.167.170
german,2026-08-06 15:57:57,AFFILIATE_IPADDR,sfp_dnsneighbor,92.119.167.175,0,92.119.167.171
german,2026-08-06 15:57:57,AFFILIATE_IPADDR,sfp_dnsneighbor,92.119.167.175,0,92.119.167.172
german,2026-08-06 15:57:58,AFFILIATE_IPADDR,sfp_dnsneighbor,92.119.167.175,0,92.119.167.173
german,2026-08-06 15:57:58,AFFILIATE_IPADDR,sfp_dnsneighbor,92.119.167.175,0,92.119.167.174
german,2026-08-06 15:57:38,IP_ADDRESS,sfp_dnsresolve,even.ww88.top,0,92.119.167.175
german,2026-08-06 15:58:46,TCP_PORT_OPEN,sfp_portscan_tcp,92.119.167.175,0,92.119.167.175:22
german,2026-08-06 15:59:01,TCP_PORT_OPEN,sfp_portscan_tcp,92.119.167.175,0,92.119.167.175:80
german,2026-08-06 16:33:34,AFFILIATE_EMAILADDR,sfp_email,"Domain Name: ww88.earth
Registry Domain ID: REDACTED FOR PRIVACY
Registrar WHOIS Server: whois.namecheap.com
Registrar URL: http://www.namecheap.com
Updated Date: 2026-04-12T08:04:31Z
Creation Date: 2024-06-18T07:15:17Z
Registry Expiry Date: 2028-06-18T07:15:17Z
Registrar: NameCheap, Inc.
Registrar IANA ID: 1068
Registrar Abuse Contact Email: abuse@namecheap.com
Registrar Abuse Contact Phone: +1.6613102107
Domain Status: ok https://icann.org/epp#ok
Registry Registrant ID: REDACTED FOR PRIVACY
Registrant Name: REDACTED FOR PRIVACY
Registrant Organization: Privacy service provided by Withheld for Privacy ehf
Registrant Street: REDACTED FOR PRIVACY
Registrant Street: REDACTED FOR PRIVACY
Registrant Street: REDACTED FOR PRIVACY
Registrant City: REDACTED FOR PRIVACY
Registrant State/Province: Capital Region
Registrant Postal Code: REDACTED FOR PRIVACY
Registrant Country: IS
Registrant Phone: REDACTED FOR PRIVACY
Registrant Phone Ext: REDACTED FOR PRIVACY
Registrant Fax: REDACTED FOR PRIVACY",0,9b332ee67fe949ce97d174ac8cc3376c.protect@withheldforprivacy.com
german,2026-08-06 15:57:44,AFFILIATE_DESCRIPTION_CATEGORY,sfp_duckduckgo,kevin.ns.cloudflare.com,0,Cloud computing
german,2026-08-06 16:00:11,AFFILIATE_COMPANY_NAME,sfp_company,"   Domain Name: CLOUDFLARE.COM
   Registry Domain ID: 1542998887_DOMAIN_COM-VRSN
   Registrar WHOIS Server: whois.cloudflare.com
   Registrar URL: http://www.cloudflare.com
   Updated Date: 2024-01-09T16:45:28Z
   Creation Date: 2009-02-17T22:07:54Z
   Registry Expiry Date: 2033-02-17T22:07:54Z
   Registrar: Cloudflare, Inc.
   Registrar IANA ID: 1910
   Registrar Abuse Contact Email: registrar-abuse@cloudflare.com
   Registrar Abuse Contact Phone: +1.6503198930
   Domain Status: clientDeleteProhibited https://icann.org/epp#clientDeleteProhibited
   Domain Status: clientTransferProhibited https://icann.org/epp#clientTransferProhibited
   Domain Status: clientUpdateProhibited https://icann.org/epp#clientUpdateProhibited
   Domain Status: serverDeleteProhibited https://icann.org/epp#serverDeleteProhibited
   Domain Status: serverTransferProhibited https://icann.org/epp#serverTransferProhibited
   Domain Status: serverUpdateProhibited https://icann.org/epp#serverUpdateProhibited
   Name Server: ",0,"Cloudflare, Inc."
german,2026-08-06 15:57:44,AFFILIATE_DESCRIPTION_ABSTRACT,sfp_duckduckgo,kevin.ns.cloudflare.com,0,"Cloudflare, Inc., is an American technology company headquartered in San Francisco, California, that provides a range of internet services, including content delivery network services, cloud cybersecurity, DDoS mitigation, and ICANN-accredited domain registration. The company's services act primarily as a reverse proxy between website visitors and a customer's hosting provider, improving performance and protecting against malicious traffic. Cloudflare was founded in 2009 by Matthew Prince, Lee Holloway, and Michelle Zatlyn. The company went public on the New York Stock Exchange in 2019 under the ticker symbol NET. Cloudflare has since expanded its offerings to include edge computing through its Workers platform, a public DNS resolver, and a VPN-like service known as WARP. In recent years, the company has integrated artificial intelligence into its infrastructure, acquiring companies such as Replicate and launching tools to manage AI bots and scrapers."
german,2026-08-06 16:00:27,BLACKLISTED_AFFILIATE_INTERNET_NAME,sfp_comodo,mymediavev.com,0,Comodo Secure DNS [mymediavev.com]
german,2026-08-06 16:00:27,MALICIOUS_AFFILIATE_INTERNET_NAME,sfp_comodo,mymediavev.com,0,Comodo Secure DNS [mymediavev.com]
german,2026-08-06 16:30:51,SIMILARDOMAIN_WHOIS,sfp_whois,ww88.art,0,"Domain Name: WW88.ART
Registry Domain ID: D620555113-CNIC
Registrar WHOIS Server: whois.namecheap.com
Registrar URL: https://namecheap.com
Updated Date: 2025-12-01T14:19:01.0Z
Creation Date: 2025-11-12T13:43:23.0Z
Registry Expiry Date: 2026-11-12T23:59:59.0Z
Registrar: NameCheap, Inc.
Registrar IANA ID: 1068
Domain Status: clientTransferProhibited https://icann.org/epp#clientTransferProhibited
Registrant Organization: Privacy service provided by Withheld for Privacy ehf
Registrant State/Province: Capital Region
Registrant Country: IS
Registrant Email: Please query the RDDS service of the Registrar of Record identified in this output for information on how to contact the Registrant, Admin, or Tech contact of the queried domain name.
Tech Email: Please query the RDDS service of the Registrar of Record identified in this output for information on how to contact the Registrant, Admin, or Tech contact of the queried domain name.
Name Server: JACOB.NS.CLOUDFLARE.COM
Name Server: LILITH.NS.CLOUDFLARE"
german,2026-08-06 16:30:54,SIMILARDOMAIN_WHOIS,sfp_whois,ww88.baby,0,"Domain Name: WW88.BABY
Registry Domain ID: D575754150-CNIC
Registrar WHOIS Server: whois.namecheap.com
Registrar URL: https://namecheap.com
Updated Date: 2026-07-30T00:12:32.0Z
Creation Date: 2025-07-29T08:32:14.0Z
Registry Expiry Date: 2027-07-29T23:59:59.0Z
Registrar: NameCheap, Inc.
Registrar IANA ID: 1068
Domain Status: clientTransferProhibited https://icann.org/epp#clientTransferProhibited
Domain Status: autoRenewPeriod https://icann.org/epp#autoRenewPeriod
Name Server: DNS101.REGISTRAR-SERVERS.COM
Name Server: DNS102.REGISTRAR-SERVERS.COM
DNSSEC: unsigned
Registrar Abuse Contact Email: abuse@namecheap.com
Registrar Abuse Contact Phone: +1.9854014545
URL of the ICANN Whois Inaccuracy Complaint Form: https://www.icann.org/wicf/
>>> Last update of WHOIS database: 2026-08-06T16:30:53.0Z <<<

For more information on Whois status codes, please visit https://icann.org/epp

The registration data available in this service is limited. Additional
data may be available at https://lookup.icann."
german,2026-08-06 16:31:02,SIMILARDOMAIN_WHOIS,sfp_whois,ww88.best,0,"Domain Name: WW88.BEST
Registry Domain ID: D582299244-CNIC
Registrar WHOIS Server: whois.namecheap.com
Registrar URL: https://namecheap.com
Updated Date: 2025-09-01T12:22:45.0Z
Creation Date: 2025-08-16T10:35:17.0Z
Registry Expiry Date: 2026-08-16T23:59:59.0Z
Registrar: NameCheap, Inc.
Registrar IANA ID: 1068
Domain Status: clientTransferProhibited https://icann.org/epp#clientTransferProhibited
Registrant Organization: Privacy service provided by Withheld for Privacy ehf
Registrant State/Province: Capital Region
Registrant Country: IS
Registrant Email: Please query the RDDS service of the Registrar of Record identified in this output for information on how to contact the Registrant, Admin, or Tech contact of the queried domain name.
Tech Email: Please query the RDDS service of the Registrar of Record identified in this output for information on how to contact the Registrant, Admin, or Tech contact of the queried domain name.
Name Server: JACOB.NS.CLOUDFLARE.COM
Name Server: LILITH.NS.CLOUDFLAR"
german,2026-08-06 16:31:54,SIMILARDOMAIN_WHOIS,sfp_whois,ww88.cam,0,"Domain Name: WW88.CAM
Registry Domain ID: D567889374-CNIC
Registrar WHOIS Server: whois.namecheap.com
Registrar URL: https://namecheap.com
Updated Date: 2026-07-07T00:13:26.0Z
Creation Date: 2025-07-06T23:10:22.0Z
Registry Expiry Date: 2027-07-06T23:59:59.0Z
Registrar: NameCheap, Inc.
Registrar IANA ID: 1068
Domain Status: clientTransferProhibited https://icann.org/epp#clientTransferProhibited
Domain Status: autoRenewPeriod https://icann.org/epp#autoRenewPeriod
Name Server: DNS101.REGISTRAR-SERVERS.COM
Name Server: DNS102.REGISTRAR-SERVERS.COM
DNSSEC: unsigned
Registrar Abuse Contact Email: abuse@namecheap.com
Registrar Abuse Contact Phone: +1.9854014545
URL of the ICANN Whois Inaccuracy Complaint Form: https://www.icann.org/wicf/
>>> Last update of WHOIS database: 2026-08-06T16:31:48.0Z <<<

This data is provided by CAM-REGISTRY for information purposes only in
accordance with the CAM-REGISTRY TLD Privacy Policy. It is intended to
assist persons to obtain information about or related to "
german,2026-08-06 16:32:07,SIMILARDOMAIN_WHOIS,sfp_whois,ww88.ceo,0,"Domain Name: WW88.CEO
Registry Domain ID: D590188626-CNIC
Registrar WHOIS Server: whois.spaceship.com
Registrar URL: https://www.spaceship.com/
Updated Date: 2025-10-03T12:06:14.0Z
Creation Date: 2025-09-09T11:37:57.0Z
Registry Expiry Date: 2026-09-09T23:59:59.0Z
Registrar: Spaceship, Inc.
Registrar IANA ID: 3862
Domain Status: clientTransferProhibited https://icann.org/epp#clientTransferProhibited
Name Server: DYLAN.NS.CLOUDFLARE.COM
Name Server: LIZ.NS.CLOUDFLARE.COM
DNSSEC: unsigned
Registrar Abuse Contact Email: abuse@spaceship.com
Registrar Abuse Contact Phone: +1.9854014545
URL of the ICANN Whois Inaccuracy Complaint Form: https://www.icann.org/wicf/
>>> Last update of WHOIS database: 2026-08-06T16:32:06.0Z <<<

For more information on Whois status codes, please visit https://icann.org/epp

The registration data available in this service is limited. Additional
data may be available at https://lookup.icann.org

The Whois and RDAP services are provided by CentralNic, and contain
in"
german,2026-08-06 16:32:38,SIMILARDOMAIN_WHOIS,sfp_whois,ww88.college,0,"Domain Name: WW88.COLLEGE
Registry Domain ID: D489207228-CNIC
Registrar WHOIS Server: whois.spaceship.com
Registrar URL: https://www.spaceship.com/
Updated Date: 2025-12-04T12:00:49.0Z
Creation Date: 2024-09-27T05:50:02.0Z
Registry Expiry Date: 2026-09-27T23:59:59.0Z
Registrar: Spaceship, Inc.
Registrar IANA ID: 3862
Domain Status: clientTransferProhibited https://icann.org/epp#clientTransferProhibited
Name Server: CARMELO.NS.CLOUDFLARE.COM
Name Server: JILL.NS.CLOUDFLARE.COM
DNSSEC: unsigned
Registrar Abuse Contact Email: abuse@spaceship.com
Registrar Abuse Contact Phone: +1.9854014545
URL of the ICANN Whois Inaccuracy Complaint Form: https://www.icann.org/wicf/
>>> Last update of WHOIS database: 2026-08-06T16:32:38.0Z <<<

For more information on Whois status codes, please visit https://icann.org/epp

The registration data available in this service is limited. Additional
data may be available at https://lookup.icann.org

The Whois and RDAP services are provided by CentralNic, and cont"
german,2026-08-06 16:34:46,SIMILARDOMAIN_WHOIS,sfp_whois,ww88.game,0,"Domain Name: WW88.GAME
Registry Domain ID: D629016010-CNIC
Registrar WHOIS Server: whois.namesilo.com
Registrar URL: https://www.namesilo.com
Updated Date: 2026-05-01T10:49:50.0Z
Creation Date: 2026-04-08T15:59:41.0Z
Registry Expiry Date: 2027-04-08T23:59:59.0Z
Registrar: NameSilo, LLC
Registrar IANA ID: 1479
Domain Status: clientTransferProhibited https://icann.org/epp#clientTransferProhibited
Name Server: CHIN.NS.CLOUDFLARE.COM
Name Server: DANE.NS.CLOUDFLARE.COM
DNSSEC: unsigned
Registrar Abuse Contact Email: abuse@namesilo.com
Registrar Abuse Contact Phone: +1.4805240066
URL of the ICANN Whois Inaccuracy Complaint Form: https://www.icann.org/wicf/
>>> Last update of WHOIS database: 2026-08-06T16:34:45.0Z <<<

For more information on Whois status codes, please visit https://icann.org/epp

The registration data available in this service is limited. Additional
data may be available at https://lookup.icann.org

The Whois and RDAP services are provided by CentralNic, and contain
informa"
german,2026-08-06 16:35:59,SIMILARDOMAIN_WHOIS,sfp_whois,ww88.london,0,"Domain Name: WW88.LONDON
Registry Domain ID: D489626190-CNIC
Registrar WHOIS Server: whois.dynadot.com
Registrar URL: http://www.dynadot.com
Updated Date: 2025-10-17T23:02:37.0Z
Creation Date: 2024-09-29T07:16:06.0Z
Registry Expiry Date: 2026-09-29T23:59:59.0Z
Registrar: Dynadot Inc
Registrar IANA ID: 472
Domain Status: clientTransferProhibited https://icann.org/epp#clientTransferProhibited
Registrant Organization: Super Privacy Service LTD c/o Dynadot
Registrant State/Province: California
Registrant Country: US
Registrant Email: Please query the RDDS service of the Registrar of Record identified in this output for information on how to contact the Registrant, Admin, or Tech contact of the queried domain name.
Tech Email: Please query the RDDS service of the Registrar of Record identified in this output for information on how to contact the Registrant, Admin, or Tech contact of the queried domain name.
Name Server: ELOISE.NS.CLOUDFLARE.COM
Name Server: LEX.NS.CLOUDFLARE.COM
DNSSEC: unsigned
"
german,2026-08-06 16:38:08,SIMILARDOMAIN_WHOIS,sfp_whois,ww88.quest,0,"Domain Name: WW88.QUEST
Registry Domain ID: D488650224-CNIC
Registrar WHOIS Server: whois.namecheap.com
Registrar URL: https://namecheap.com
Updated Date: 2025-10-01T12:20:13.0Z
Creation Date: 2024-09-25T11:28:30.0Z
Registry Expiry Date: 2026-09-25T23:59:59.0Z
Registrar: NameCheap, Inc.
Registrar IANA ID: 1068
Domain Status: clientTransferProhibited https://icann.org/epp#clientTransferProhibited
Name Server: DNS1.REGISTRAR-SERVERS.COM
Name Server: DNS2.REGISTRAR-SERVERS.COM
DNSSEC: unsigned
Registrar Abuse Contact Email: abuse@namecheap.com
Registrar Abuse Contact Phone: +1.9854014545
URL of the ICANN Whois Inaccuracy Complaint Form: https://www.icann.org/wicf/
>>> Last update of WHOIS database: 2026-08-06T16:38:01.0Z <<<

For more information on Whois status codes, please visit https://icann.org/epp

The registration data available in this service is limited. Additional
data may be available at https://lookup.icann.org

The Whois and RDAP services are provided by CentralNic, and contai"
german,2026-08-06 16:00:58,AFFILIATE_DOMAIN_WHOIS,sfp_whois,tds.so,0,"Domain Name: tds.so
Registry Domain ID: 130725-sonic
Registrar WHOIS Server: whois.namecheap.com
Updated Date: 2026-07-28T19:12:27Z
Creation Date: 2020-07-28T17:38:00Z
Registry Expiry Date: 2027-07-28T17:38:00Z
Registrar Registration Expiration Date: 2027-07-28T17:38:00Z
Registrar: NameCheap
Registrar IANA ID: 1068
Registrar Street Address: Street No. 4600, East Washington Street, Suite 305
Registrar City: Phoenix
Registrar State: AZ
Registrar Postal Code: 85034
Registrar Email: registry@namecheap.com
Registrar Abuse Contact Email: abuse@namecheap.com
Registrar Abuse Contact Phone: +1.6613102107
Domain Status: active https://icann.org/epp#active
Name Server: edna.ns.cloudflare.com
Name Server: rayden.ns.cloudflare.com
DNSSEC: unsigned
>>> Last update of WHOIS database: 2026-08-06T15:45:22.255Z <<<

For more information on domain status codes, please visit https://icann.org/epp

TERMS OF USE: You are not authorized to access or query our WHOIS database through the use of electronic proc"
german,2026-08-06 16:46:37,SIMILARDOMAIN_WHOIS,sfp_whois,ww88.cust.disrec.thingdust.io,0,"Domain Name: thingdust.io
Registry Domain ID: REDACTED
Registrar WHOIS Server: whois.gandi.net
Registrar URL: https://www.gandi.net
Updated Date: 2025-08-16T21:20:03Z
Creation Date: 2016-09-11T19:16:21Z
Registry Expiry Date: 2026-09-11T19:16:21Z
Registrar: Gandi SAS
Registrar IANA ID: 81
Registrar Abuse Contact Email: abuse@support.gandi.net
Registrar Abuse Contact Phone: +33.170377661
Domain Status: ok https://icann.org/epp#ok
Registry Registrant ID: REDACTED
Registrant Name: REDACTED
Registrant Organization: thingdust
Registrant Street: REDACTED
Registrant City: REDACTED
Registrant State/Province: 
Registrant Postal Code: REDACTED
Registrant Country: CH
Registrant Phone: REDACTED
Registrant Phone Ext: REDACTED
Registrant Fax: REDACTED
Registrant Fax Ext: REDACTED
Registrant Email: REDACTED
Registry Admin ID: REDACTED
Admin Name: REDACTED
Admin Organization: REDACTED
Admin Street: REDACTED
Admin City: REDACTED
Admin State/Province: REDACTED
Admin Postal Code: REDACTED
Admin Co"
german,2026-08-06 16:46:38,SIMILARDOMAIN_WHOIS,sfp_whois,ww88.cust.dev.thingdust.io,0,"Domain Name: thingdust.io
Registry Domain ID: REDACTED
Registrar WHOIS Server: whois.gandi.net
Registrar URL: https://www.gandi.net
Updated Date: 2025-08-16T21:20:03Z
Creation Date: 2016-09-11T19:16:21Z
Registry Expiry Date: 2026-09-11T19:16:21Z
Registrar: Gandi SAS
Registrar IANA ID: 81
Registrar Abuse Contact Email: abuse@support.gandi.net
Registrar Abuse Contact Phone: +33.170377661
Domain Status: ok https://icann.org/epp#ok
Registry Registrant ID: REDACTED
Registrant Name: REDACTED
Registrant Organization: thingdust
Registrant Street: REDACTED
Registrant City: REDACTED
Registrant State/Province: 
Registrant Postal Code: REDACTED
Registrant Country: CH
Registrant Phone: REDACTED
Registrant Phone Ext: REDACTED
Registrant Fax: REDACTED
Registrant Fax Ext: REDACTED
Registrant Email: REDACTED
Registry Admin ID: REDACTED
Admin Name: REDACTED
Admin Organization: REDACTED
Admin Street: REDACTED
Admin City: REDACTED
Admin State/Province: REDACTED
Admin Postal Code: REDACTED
Admin Co"
german,2026-08-06 16:46:37,SIMILARDOMAIN_WHOIS,sfp_whois,ww88.reservd.disrec.thingdust.io,0,"Domain Name: thingdust.io
Registry Domain ID: REDACTED
Registrar WHOIS Server: whois.gandi.net
Registrar URL: https://www.gandi.net
Updated Date: 2025-08-16T21:20:03Z
Creation Date: 2016-09-11T19:16:21Z
Registry Expiry Date: 2026-09-11T19:16:21Z
Registrar: Gandi SAS
Registrar IANA ID: 81
Registrar Abuse Contact Email: abuse@support.gandi.net
Registrar Abuse Contact Phone: +33.170377661
Domain Status: ok https://icann.org/epp#ok
Registry Registrant ID: REDACTED
Registrant Name: REDACTED
Registrant Organization: thingdust
Registrant Street: REDACTED
Registrant City: REDACTED
Registrant State/Province: 
Registrant Postal Code: REDACTED
Registrant Country: CH
Registrant Phone: REDACTED
Registrant Phone Ext: REDACTED
Registrant Fax: REDACTED
Registrant Fax Ext: REDACTED
Registrant Email: REDACTED
Registry Admin ID: REDACTED
Admin Name: REDACTED
Admin Organization: REDACTED
Admin Street: REDACTED
Admin City: REDACTED
Admin State/Province: REDACTED
Admin Postal Code: REDACTED
Admin Co"
german,2026-08-06 15:59:16,SIMILARDOMAIN_WHOIS,sfp_whois,ww88.ac,0,"Domain Name: ww88.ac
Registry Domain ID: REDACTED
Registrar WHOIS Server: whois.namecheap.com
Registrar URL: https://www.namecheap.com/
Updated Date: 2026-07-15T08:41:35Z
Creation Date: 2025-07-15T08:33:17Z
Registry Expiry Date: 2027-07-15T08:33:17Z
Registrar: NameCheap, Inc.
Registrar IANA ID: 1068
Registrar Abuse Contact Email: abuse@namecheap.com
Registrar Abuse Contact Phone: +1.9854014545
Domain Status: clientTransferProhibited https://icann.org/epp#clientTransferProhibited
Domain Status: autoRenewPeriod https://icann.org/epp#autoRenewPeriod
Registry Registrant ID: REDACTED
Registrant Name: REDACTED
Registrant Organization: Privacy service provided by Withheld for Privacy ehf
Registrant Street: REDACTED
Registrant City: REDACTED
Registrant State/Province: Capital Region
Registrant Postal Code: REDACTED
Registrant Country: IS
Registrant Phone: REDACTED
Registrant Phone Ext: REDACTED
Registrant Fax: REDACTED
Registrant Fax Ext: REDACTED
Registrant Email: REDACTED
Registry Admin ID"
german,2026-08-06 16:30:35,SIMILARDOMAIN_WHOIS,sfp_whois,ww88.accountant,0,"Domain Name: ww88.accountant
Registry Domain ID: REDACTED FOR PRIVACY
Registrar WHOIS Server: whois.spaceship.com
Registrar URL: https://www.spaceship.com/
Updated Date: 2026-02-28T08:36:41Z
Creation Date: 2025-04-03T09:39:11Z
Registry Expiry Date: 2027-04-03T09:39:11Z
Registrar: Spaceship, Inc.
Registrar IANA ID: 3862
Registrar Abuse Contact Email: abuse@spaceship.com
Registrar Abuse Contact Phone: +1.6613102107
Domain Status: clientTransferProhibited https://icann.org/epp#clientTransferProhibited
Registry Registrant ID: REDACTED FOR PRIVACY
Registrant Name: REDACTED FOR PRIVACY
Registrant Organization: Privacy service provided by Withheld for Privacy ehf
Registrant Street: REDACTED FOR PRIVACY
Registrant Street: REDACTED FOR PRIVACY
Registrant Street: REDACTED FOR PRIVACY
Registrant City: REDACTED FOR PRIVACY
Registrant State/Province: Capital Region
Registrant Postal Code: REDACTED FOR PRIVACY
Registrant Country: IS
Registrant Phone: REDACTED FOR PRIVACY
Registrant Phone Ext: REDACTE"
german,2026-08-06 16:30:43,SIMILARDOMAIN_WHOIS,sfp_whois,ww88.africa,0,"Domain Name: ww88.africa
Registry Domain ID: 5f9j_DOMAIN-AFRICA
Registrar WHOIS Server: whois.namecheap.com
Registrar URL: https://www.namecheap.com
Updated Date: 2026-04-19T08:08:29Z
Creation Date: 2026-04-07T08:08:24Z
Registry Expiry Date: 2027-04-07T08:08:24Z
Registrar Registration Expiration Date: 2027-04-07T08:08:24Z
Registrar: Namecheap, Inc.
Registrar IANA ID: 1068
Registrar Abuse Contact Email: abuse@namecheap.com
Registrar Abuse Contact Phone: +1.6613102107
Reseller: 
Domain Status: clientTransferProhibited https://icann.org/epp#clientTransferProhibited
Registrant Organization: 
Registrant Country: IS
Registrant Email: Please contact the RDDS service of the listed Registrar for Registrant, Admin, or Tech contact information.
Admin Email: Please contact the RDDS service of the listed Registrar for Registrant, Admin, or Tech contact information.
Tech Email: Please contact the RDDS service of the listed Registrar for Registrant, Admin, or Tech contact information.
Billing Email: Please contact the RDDS "
german,2026-08-06 15:59:44,SIMILARDOMAIN_WHOIS,sfp_whois,ww88.ag,0,"Domain Name: ww88.ag
Registry Domain ID: REDACTED
Registrar WHOIS Server: whois.namesilo.com
Registrar URL: http://www.namesilo.com
Updated Date: 2026-04-13T16:00:24Z
Creation Date: 2026-04-08T15:59:40Z
Registry Expiry Date: 2027-04-08T15:59:40Z
Registrar: NameSilo, LLC
Registrar IANA ID: 1479
Registrar Abuse Contact Email: abuse@namesilo.com
Registrar Abuse Contact Phone: +1.6024928198
Domain Status: clientTransferProhibited https://icann.org/epp#clientTransferProhibited
Registry Registrant ID: REDACTED
Registrant Name: REDACTED
Registrant Organization: See PrivacyGuardian.org
Registrant Street: REDACTED
Registrant City: REDACTED
Registrant State/Province: AZ
Registrant Postal Code: REDACTED
Registrant Country: US
Registrant Phone: REDACTED
Registrant Phone Ext: REDACTED
Registrant Fax: REDACTED
Registrant Fax Ext: REDACTED
Registrant Email: REDACTED
Registry Admin ID: REDACTED
Admin Name: REDACTED
Admin Organization: REDACTED
Admin Street: REDACTED
Admin City: REDACTED
Admin St"
german,2026-08-06 15:59:57,SIMILARDOMAIN_WHOIS,sfp_whois,ww88.asia,0,"Domain Name: ww88.asia
Registry Domain ID: REDACTED
Registrar WHOIS Server: https://www.spaceship.com/domains/whois/
Registrar URL: 
Updated Date: 2026-05-29T11:10:21Z
Creation Date: 2026-04-14T11:35:24Z
Registry Expiry Date: 2027-04-14T11:35:24Z
Registrar: Spaceship, Inc.
Registrar IANA ID: 3862
Registrar Abuse Contact Email: abuse@spaceship.com
Registrar Abuse Contact Phone: +1.9854014545
Domain Status: clientTransferProhibited https://icann.org/epp#clientTransferProhibited
Registry Registrant ID: REDACTED
Registrant Name: REDACTED
Registrant Organization: Privacy service provided by Withheld for Privacy ehf
Registrant Street: REDACTED
Registrant City: REDACTED
Registrant State/Province: Capital Region
Registrant Postal Code: REDACTED
Registrant Country: IS
Registrant Phone: REDACTED
Registrant Phone Ext: REDACTED
Registrant Fax: REDACTED
Registrant Fax Ext: REDACTED
Registrant Email: REDACTED
Registry Admin ID: REDACTED
Admin Name: REDACTED
Admin Organization: REDACTED
Admin Str"
german,2026-08-06 16:30:57,SIMILARDOMAIN_WHOIS,sfp_whois,ww88.bar,0,"Domain Name: ww88.bar
Registry Domain ID: DO_42f60c4d81216095903a01992ecbe44b-PUNTO
Registrar WHOIS Server: whois.namecheap.com
Registrar URL: https://www.namecheap.com
Updated Date: 2026-08-04T19:46:50.877Z
Creation Date: 2025-10-03T02:52:00.585Z
Registry Expiry Date: 2026-10-03T02:52:00.585Z
Registrar: NAMECHEAP
Registrar IANA ID: 1068
Registrar Abuse Contact Email: support@namecheap.com
Registrar Abuse Contact Phone: +1.3102593259
Domain Status: clientTransferProhibited https://icann.org/epp#clientTransferProhibited
Name Server: dns101.registrar-servers.com
Name Server: dns102.registrar-servers.com
DNSSEC: unsigned
URL of the ICANN RDDS Inaccuracy Complaint Form: https://icann.org/wicf

>>> Last update of WHOIS database: 2026-08-06T16:30:56.579Z <<<

For more information on domain status codes, please visit https://icann.org/epp

The WHOIS information provided in this page has been redacted
in compliance with ICANN's Temporary Specification for gTLD
Registration Data.

The data in "
german,2026-08-06 16:00:37,SIMILARDOMAIN_WHOIS,sfp_whois,ww88.biz,0,"Domain Name: ww88.biz
Registry Domain ID: REDACTED FOR PRIVACY
Registrar WHOIS Server: whois.dynadot.com
Registrar URL: https://www.dynadot.com/
Updated Date: 2025-11-01T14:05:01Z
Creation Date: 2023-11-04T00:07:41Z
Registry Expiry Date: 2026-11-04T00:07:41Z
Registrar: Dynadot Inc
Registrar IANA ID: 472
Registrar Abuse Contact Email: abuse@dynadot.com
Registrar Abuse Contact Phone: +1.6502620100
Domain Status: clientTransferProhibited https://icann.org/epp#clientTransferProhibited
Registry Registrant ID: REDACTED FOR PRIVACY
Registrant Name: REDACTED FOR PRIVACY
Registrant Organization: Super Privacy Service LTD c/o Dynadot
Registrant Street: REDACTED FOR PRIVACY
Registrant Street: REDACTED FOR PRIVACY
Registrant Street: REDACTED FOR PRIVACY
Registrant City: REDACTED FOR PRIVACY
Registrant State/Province: California
Registrant Postal Code: REDACTED FOR PRIVACY
Registrant Country: US
Registrant Phone: REDACTED FOR PRIVACY
Registrant Phone Ext: REDACTED FOR PRIVACY
Registrant Fax: REDACT"
german,2026-08-06 16:03:28,SIMILARDOMAIN_WHOIS,sfp_whois,ww88.ca,0,"Domain Name: ww88.ca
Registry Domain ID: 116906120-CIRA
Registrar WHOIS Server: whois.ca.fury.ca
Registrar URL: ca.godaddy.com
Updated Date: 2026-08-03T15:09:15Z
Creation Date: 2025-07-29T08:32:33Z
Registry Expiry Date: 2027-07-29T08:32:33Z
Registrar: Go Daddy Domains Canada, Inc
Registrar IANA ID: not applicable
Registrar Abuse Contact Email: abuse@godaddy.com
Registrar Abuse Contact Phone: +1.4806242505
Registrar Abuse Contact Phone Ext:
Domain Status: autoRenewPeriod https://icann.org/epp#autoRenewPeriod
Domain Status: clientDeleteProhibited https://icann.org/epp#clientDeleteProhibited
Domain Status: clientTransferProhibited https://icann.org/epp#clientTransferProhibited
Domain Status: serverDeleteProhibited https://icann.org/epp#serverDeleteProhibited
Domain Status: serverTransferProhibited https://icann.org/epp#serverTransferProhibited
Domain Status: serverUpdateProhibited https://icann.org/epp#serverUpdateProhibited
Registry Registrant ID: REDACTED FOR PRIVACY
Registrant Name: REDACTE"
german,2026-08-06 16:32:28,SIMILARDOMAIN_WHOIS,sfp_whois,ww88.club,0,"Domain Name: ww88.club
Registry Domain ID: REDACTED FOR PRIVACY
Registrar WHOIS Server: whois.namecheap.com
Registrar URL: http://www.namecheap.com
Updated Date: 2026-02-14T10:03:41Z
Creation Date: 2022-03-11T06:28:29Z
Registry Expiry Date: 2027-03-11T06:28:29Z
Registrar: NameCheap, Inc.
Registrar IANA ID: 1068
Registrar Abuse Contact Email: abuse@namecheap.com
Registrar Abuse Contact Phone: +1.6613102107
Domain Status: clientTransferProhibited https://icann.org/epp#clientTransferProhibited
Registry Registrant ID: REDACTED FOR PRIVACY
Registrant Name: REDACTED FOR PRIVACY
Registrant Organization: Privacy service provided by Withheld for Privacy ehf
Registrant Street: REDACTED FOR PRIVACY
Registrant Street: REDACTED FOR PRIVACY
Registrant Street: REDACTED FOR PRIVACY
Registrant City: REDACTED FOR PRIVACY
Registrant State/Province: Capital Region
Registrant Postal Code: REDACTED FOR PRIVACY
Registrant Country: IS
Registrant Phone: REDACTED FOR PRIVACY
Registrant Phone Ext: REDACTED FOR PR"
german,2026-08-06 16:33:02,SIMILARDOMAIN_WHOIS,sfp_whois,ww88.cooking,0,"Domain Name: ww88.cooking
Registry Domain ID: REDACTED FOR PRIVACY
Registrar WHOIS Server: whois.dynadot.com
Registrar URL: https://www.dynadot.com/
Updated Date: 2025-12-26T02:49:46Z
Creation Date: 2025-02-06T07:44:37Z
Registry Expiry Date: 2027-02-06T07:44:37Z
Registrar: Dynadot Inc
Registrar IANA ID: 472
Registrar Abuse Contact Email: abuse@dynadot.com
Registrar Abuse Contact Phone: +1.6502620100
Domain Status: clientTransferProhibited https://icann.org/epp#clientTransferProhibited
Registry Registrant ID: REDACTED FOR PRIVACY
Registrant Name: REDACTED FOR PRIVACY
Registrant Organization: Super Privacy Service LTD c/o Dynadot
Registrant Street: REDACTED FOR PRIVACY
Registrant Street: REDACTED FOR PRIVACY
Registrant Street: REDACTED FOR PRIVACY
Registrant City: REDACTED FOR PRIVACY
Registrant State/Province: California
Registrant Postal Code: REDACTED FOR PRIVACY
Registrant Country: US
Registrant Phone: REDACTED FOR PRIVACY
Registrant Phone Ext: REDACTED FOR PRIVACY
Registrant Fax: RE"
german,2026-08-06 16:33:05,SIMILARDOMAIN_WHOIS,sfp_whois,ww88.courses,0,"Domain Name: ww88.courses
Registry Domain ID: REDACTED FOR PRIVACY
Registrar WHOIS Server: whois.spaceship.com
Registrar URL: https://www.spaceship.com/
Updated Date: 2026-01-21T15:01:14Z
Creation Date: 2025-01-06T13:19:21Z
Registry Expiry Date: 2027-01-06T13:19:21Z
Registrar: Spaceship, Inc.
Registrar IANA ID: 3862
Registrar Abuse Contact Email: abuse@spaceship.com
Registrar Abuse Contact Phone: +1.6613102107
Domain Status: clientTransferProhibited https://icann.org/epp#clientTransferProhibited
Registry Registrant ID: REDACTED FOR PRIVACY
Registrant Name: REDACTED FOR PRIVACY
Registrant Organization: Privacy service provided by Withheld for Privacy ehf
Registrant Street: REDACTED FOR PRIVACY
Registrant Street: REDACTED FOR PRIVACY
Registrant Street: REDACTED FOR PRIVACY
Registrant City: REDACTED FOR PRIVACY
Registrant State/Province: Capital Region
Registrant Postal Code: REDACTED FOR PRIVACY
Registrant Country: IS
Registrant Phone: REDACTED FOR PRIVACY
Registrant Phone Ext: REDACTED F"
german,2026-08-06 16:09:33,SIMILARDOMAIN_WHOIS,sfp_whois,ww88.cx,0,"Domain Name: ww88.cx
Registry Domain ID: 2079155-CoCCA
Updated Date: 2025-11-26T07:26:08Z
Creation Date: 2025-09-25T12:13:25Z
Registry Expiry Date: 2026-09-25T12:13:28Z
Registrar Registration Expiration Date: 2026-09-25T12:13:28Z
Registrar: CentralNic Ltd
Registrar Street Address: 35-39 Moorgate, London, EC2R 6AR
Registrar Country: GB
Registrar Phone: +44 (0)20 33 88 0600
Registrar Fax: +44 (0)20 33 88 0601
Registrar Email: registry@key-systems.net
Registrar Abuse Contact Email: abuse@key-systems.net
Registrar Abuse Contact Phone: 
Domain Status: active https://icann.org/epp#active
Domain Status: clientTransferProhibited https://icann.org/epp#clientTransferProhibited
Name Server: lisa.ns.cloudflare.com
Name Server: garrett.ns.cloudflare.com
DNSSEC: unsigned
>>> Last update of WHOIS database: 2026-08-06T16:02:23.951Z <<<

For more information on domain status codes, please visit https://icann.org/epp

TERMS OF USE: You are not authorized to access or query our Whois database through the "
german,2026-08-06 16:33:18,SIMILARDOMAIN_WHOIS,sfp_whois,ww88.date,0,"Domain Name: ww88.date
Registry Domain ID: REDACTED FOR PRIVACY
Registrar WHOIS Server: whois.dynadot.com
Registrar URL: https://www.dynadot.com/
Updated Date: 2026-06-15T09:09:34Z
Creation Date: 2026-06-10T09:09:31Z
Registry Expiry Date: 2027-06-10T09:09:31Z
Registrar: Dynadot Inc
Registrar IANA ID: 472
Registrar Abuse Contact Email: abuse@dynadot.com
Registrar Abuse Contact Phone: +1.6502620100
Domain Status: clientTransferProhibited https://icann.org/epp#clientTransferProhibited
Domain Status: serverTransferProhibited https://icann.org/epp#serverTransferProhibited
Registry Registrant ID: REDACTED FOR PRIVACY
Registrant Name: REDACTED FOR PRIVACY
Registrant Organization: Super Privacy Service LTD c/o Dynadot
Registrant Street: REDACTED FOR PRIVACY
Registrant Street: REDACTED FOR PRIVACY
Registrant Street: REDACTED FOR PRIVACY
Registrant City: REDACTED FOR PRIVACY
Registrant State/Province: California
Registrant Postal Code: REDACTED FOR PRIVACY
Registrant Country: US
Registrant Phone:"
german,2026-08-06 16:33:33,SIMILARDOMAIN_WHOIS,sfp_whois,ww88.earth,0,"Domain Name: ww88.earth
Registry Domain ID: REDACTED FOR PRIVACY
Registrar WHOIS Server: whois.namecheap.com
Registrar URL: http://www.namecheap.com
Updated Date: 2026-04-12T08:04:31Z
Creation Date: 2024-06-18T07:15:17Z
Registry Expiry Date: 2028-06-18T07:15:17Z
Registrar: NameCheap, Inc.
Registrar IANA ID: 1068
Registrar Abuse Contact Email: abuse@namecheap.com
Registrar Abuse Contact Phone: +1.6613102107
Domain Status: ok https://icann.org/epp#ok
Registry Registrant ID: REDACTED FOR PRIVACY
Registrant Name: REDACTED FOR PRIVACY
Registrant Organization: Privacy service provided by Withheld for Privacy ehf
Registrant Street: REDACTED FOR PRIVACY
Registrant Street: REDACTED FOR PRIVACY
Registrant Street: REDACTED FOR PRIVACY
Registrant City: REDACTED FOR PRIVACY
Registrant State/Province: Capital Region
Registrant Postal Code: REDACTED FOR PRIVACY
Registrant Country: IS
Registrant Phone: REDACTED FOR PRIVACY
Registrant Phone Ext: REDACTED FOR PRIVACY
Registrant Fax: REDACTED FOR PRIVACY"
german,2026-08-06 16:34:03,SIMILARDOMAIN_WHOIS,sfp_whois,ww88.fishing,0,"Domain Name: ww88.fishing
Registry Domain ID: REDACTED FOR PRIVACY
Registrar WHOIS Server: whois.dynadot.com
Registrar URL: https://www.dynadot.com/
Updated Date: 2025-12-26T02:49:35Z
Creation Date: 2025-02-06T07:44:37Z
Registry Expiry Date: 2027-02-06T07:44:37Z
Registrar: Dynadot Inc
Registrar IANA ID: 472
Registrar Abuse Contact Email: abuse@dynadot.com
Registrar Abuse Contact Phone: +1.6502620100
Domain Status: clientTransferProhibited https://icann.org/epp#clientTransferProhibited
Registry Registrant ID: REDACTED FOR PRIVACY
Registrant Name: REDACTED FOR PRIVACY
Registrant Organization: Super Privacy Service LTD c/o Dynadot
Registrant Street: REDACTED FOR PRIVACY
Registrant Street: REDACTED FOR PRIVACY
Registrant Street: REDACTED FOR PRIVACY
Registrant City: REDACTED FOR PRIVACY
Registrant State/Province: California
Registrant Postal Code: REDACTED FOR PRIVACY
Registrant Country: US
Registrant Phone: REDACTED FOR PRIVACY
Registrant Phone Ext: REDACTED FOR PRIVACY
Registrant Fax: RE"
german,2026-08-06 16:34:15,SIMILARDOMAIN_WHOIS,sfp_whois,ww88.food,0,"Domain Name: ww88.food

>>> This name is not available for registration:

>>> Tld not supported by this registry interface

>>> Last update of WHOIS database: 2026-08-06T16:34:15.191Z <<<

For more information on domain status codes, please visit https://icann.org/epp

The WHOIS information provided in this page has been redacted
in compliance with ICANN's Temporary Specification for gTLD
Registration Data.

The data in this record is provided by Tucows Registry for informational
purposes only, and it does not guarantee its accuracy. Tucows Registry is
authoritative for whois information in top-level domains it operates
under contract with the Internet Corporation for Assigned Names and
Numbers. Whois information from other top-level domains is provided by
a third-party under license to Tucows Registry.

This service is intended only for query-based access. By using this
service, you agree that you will use any data presented only for lawful
purposes and that, under no circumstances wil"
german,2026-08-06 16:34:18,SIMILARDOMAIN_WHOIS,sfp_whois,ww88.foundation,0,"Domain Name: ww88.foundation
Registry Domain ID: REDACTED
Registrar WHOIS Server: whois.namecheap.com
Registrar URL: http://www.namecheap.com
Updated Date: 2026-07-13T14:20:43Z
Creation Date: 2026-07-08T14:20:03Z
Registry Expiry Date: 2027-07-08T14:20:03Z
Registrar: NameCheap, Inc.
Registrar IANA ID: 1068
Registrar Abuse Contact Email: abuse@namecheap.com
Registrar Abuse Contact Phone: +1.9854014545
Domain Status: clientTransferProhibited https://icann.org/epp#clientTransferProhibited
Name Server: dns1.registrar-servers.com
Name Server: dns2.registrar-servers.com
DNSSEC: unsigned
URL of the ICANN Whois Inaccuracy Complaint Form: https://icann.org/wicf/
>>> Last update of WHOIS database: 2026-08-06T16:34:17Z <<<

For more information on Whois status codes, please visit https://icann.org/epp

Terms of Use: Access to Public Interest Registry WHOIS information is provided to assist persons in determining the contents of a domain name registration record in the Public Interest Registry registry"
german,2026-08-06 16:34:36,SIMILARDOMAIN_WHOIS,sfp_whois,ww88.fun,0,"Domain Name: ww88.fun
Registry Domain ID: D502453710-CNIC
Registrar WHOIS Server: whois.namecheap.com
Registrar URL: https://www.namecheap.com/
Updated Date: 2025-02-13T10:18:27.000Z
Creation Date: 2024-11-15T11:26:05.000Z
Registry Expiry Date: 2026-11-15T23:59:59.000Z
Registrar: NameCheap, Inc.
Registrar IANA ID: 1068
Registrar Abuse Contact Email: abuse@namecheap.com
Registrar Abuse Contact Phone: +1.9854014545
Domain Status: clientTransferProhibited https://icann.org/epp#clientTransferProhibited
Name Server: miki.ns.cloudflare.com
Name Server: nicolas.ns.cloudflare.com
DNSSEC: unsigned
URL of the ICANN RDDS Inaccuracy Complaint Form: https://icann.org/wicf

>>> Last update of WHOIS database: 2026-08-06T16:34:31.894Z <<<

For more information on domain status codes, please visit https://icann.org/epp

The WHOIS information provided in this page has been redacted
in compliance with ICANN's Temporary Specification for gTLD
Registration Data.

The data in this record is provided by Tuc"
german,2026-08-06 16:34:51,SIMILARDOMAIN_WHOIS,sfp_whois,ww88.gift,0,"Domain Name: ww88.gift
Registry Domain ID: DO_548b93c195a6368bbe023eb3874fbb7a-UR
Registrar WHOIS Server: whois.namecheap.com
Registrar URL: https://www.namecheap.com
Updated Date: 2026-04-12T08:04:50.395Z
Creation Date: 2024-06-18T07:15:21.150Z
Registry Expiry Date: 2028-06-18T07:15:21.150Z
Registrar: NAMECHEAP
Registrar IANA ID: 1068
Registrar Abuse Contact Email: support@namecheap.com
Registrar Abuse Contact Phone: +1.3102593259
Domain Status: clientTransferProhibited https://icann.org/epp#clientTransferProhibited
Name Server: beau.ns.cloudflare.com
Name Server: tina.ns.cloudflare.com
DNSSEC: unsigned
URL of the ICANN RDDS Inaccuracy Complaint Form: https://icann.org/wicf

>>> Last update of WHOIS database: 2026-08-06T16:34:50.433Z <<<

For more information on domain status codes, please visit https://icann.org/epp

The WHOIS information provided in this page has been redacted
in compliance with ICANN's Temporary Specification for gTLD
Registration Data.

The data in this record is"
german,2026-08-06 16:35:06,SIMILARDOMAIN_WHOIS,sfp_whois,ww88.health,0,"Domain Name: ww88.health
Registry Domain ID: REDACTED FOR PRIVACY
Registrar WHOIS Server: whois.dynadot.com
Registrar URL: https://www.dynadot.com/
Updated Date: 2026-06-28T04:26:49Z
Creation Date: 2026-06-23T04:26:44Z
Registry Expiry Date: 2027-06-23T04:26:44Z
Registrar: Dynadot Inc
Registrar IANA ID: 472
Registrar Abuse Contact Email: abuse@dynadot.com
Registrar Abuse Contact Phone: +1.6502620100
Domain Status: clientTransferProhibited https://icann.org/epp#clientTransferProhibited
Domain Status: serverTransferProhibited https://icann.org/epp#serverTransferProhibited
Registry Registrant ID: REDACTED FOR PRIVACY
Registrant Name: REDACTED FOR PRIVACY
Registrant Organization: Super Privacy Service LTD c/o Dynadot
Registrant Street: REDACTED FOR PRIVACY
Registrant Street: REDACTED FOR PRIVACY
Registrant Street: REDACTED FOR PRIVACY
Registrant City: REDACTED FOR PRIVACY
Registrant State/Province: California
Registrant Postal Code: REDACTED FOR PRIVACY
Registrant Country: US
Registrant Phon"
german,2026-08-06 16:35:29,SIMILARDOMAIN_WHOIS,sfp_whois,ww88.krd,0,"Domain Name: ww88.krd
Registry Domain ID: REDACTED FOR PRIVACY
Registrar WHOIS Server: whois.namecheap.com
Registrar URL: http://www.namecheap.com
Updated Date: 2026-05-20T08:34:34Z
Creation Date: 2024-06-03T06:13:19Z
Registry Expiry Date: 2027-06-03T06:13:19Z
Registrar: NameCheap, Inc.
Registrar IANA ID: 1068
Registrar Abuse Contact Email: abuse@namecheap.com
Registrar Abuse Contact Phone: +1.6613102107
Domain Status: clientTransferProhibited https://icann.org/epp#clientTransferProhibited
Registry Registrant ID: REDACTED FOR PRIVACY
Registrant Name: REDACTED FOR PRIVACY
Registrant Organization: Privacy service provided by Withheld for Privacy ehf
Registrant Street: REDACTED FOR PRIVACY
Registrant Street: REDACTED FOR PRIVACY
Registrant Street: REDACTED FOR PRIVACY
Registrant City: REDACTED FOR PRIVACY
Registrant State/Province: Capital Region
Registrant Postal Code: REDACTED FOR PRIVACY
Registrant Country: IS
Registrant Phone: REDACTED FOR PRIVACY
Registrant Phone Ext: REDACTED FOR PRI"
german,2026-08-06 16:35:39,SIMILARDOMAIN_WHOIS,sfp_whois,ww88.link,0,"Domain Name: ww88.link
Registry Domain ID: DO_2662f36760d663f6f478db6165c8deab-UR
Registrar WHOIS Server: whois.namecheap.com
Registrar URL: https://www.namecheap.com
Updated Date: 2025-12-14T12:17:19.369Z
Creation Date: 2025-12-09T12:16:48.407Z
Registry Expiry Date: 2026-12-09T12:16:48.407Z
Registrar: NAMECHEAP
Registrar IANA ID: 1068
Registrar Abuse Contact Email: abuse@namecheap.com
Registrar Abuse Contact Phone: +1.6613102107
Domain Status: clientTransferProhibited https://icann.org/epp#clientTransferProhibited
Name Server: arvind.ns.cloudflare.com
Name Server: addilyn.ns.cloudflare.com
DNSSEC: unsigned
URL of the ICANN RDDS Inaccuracy Complaint Form: https://icann.org/wicf

>>> Last update of WHOIS database: 2026-08-06T16:35:35.635Z <<<

For more information on domain status codes, please visit https://icann.org/epp

The WHOIS information provided in this page has been redacted
in compliance with ICANN's Temporary Specification for gTLD
Registration Data.

The data in this record"
german,2026-08-06 16:35:56,SIMILARDOMAIN_WHOIS,sfp_whois,ww88.loan,0,"Domain Name: ww88.loan
Registry Domain ID: REDACTED FOR PRIVACY
Registrar WHOIS Server: whois-service.virtualcloud.co
Registrar URL: http://sav.com
Updated Date: 2025-10-10T13:41:25Z
Creation Date: 2025-08-11T13:41:24Z
Registry Expiry Date: 2026-08-11T13:41:24Z
Registrar: Sav.com LLC
Registrar IANA ID: 609
Registrar Abuse Contact Email: abuse-contact@sav.com
Registrar Abuse Contact Phone: +1.2132205715
Domain Status: clientTransferProhibited https://icann.org/epp#clientTransferProhibited
Registry Registrant ID: REDACTED FOR PRIVACY
Registrant Name: REDACTED FOR PRIVACY
Registrant Organization: REDACTED FOR PRIVACY
Registrant Street: REDACTED FOR PRIVACY
Registrant Street: REDACTED FOR PRIVACY
Registrant Street: REDACTED FOR PRIVACY
Registrant City: REDACTED FOR PRIVACY
Registrant State/Province: IL
Registrant Postal Code: REDACTED FOR PRIVACY
Registrant Country: US
Registrant Phone: REDACTED FOR PRIVACY
Registrant Phone Ext: REDACTED FOR PRIVACY
Registrant Fax: REDACTED FOR PRIVACY
Re"
german,2026-08-06 16:21:08,SIMILARDOMAIN_WHOIS,sfp_whois,ww88.me,0,"Domain Name: ww88.me
Registry Domain ID: REDACTED
Registrar WHOIS Server: whois.godaddy.com
Registrar URL: http://www.godaddy.com/domains/search.aspx?ci=8990
Updated Date: 2026-05-02T02:56:38Z
Creation Date: 2025-06-03T13:05:39Z
Registry Expiry Date: 2027-06-03T13:05:39Z
Registrar: GoDaddy.com, LLC
Registrar IANA ID: 146
Registrar Abuse Contact Email: abuse@godaddy.com
Registrar Abuse Contact Phone: +1.4806242505
Domain Status: clientDeleteProhibited https://icann.org/epp#clientDeleteProhibited
Domain Status: clientRenewProhibited https://icann.org/epp#clientRenewProhibited
Domain Status: clientTransferProhibited https://icann.org/epp#clientTransferProhibited
Domain Status: clientUpdateProhibited https://icann.org/epp#clientUpdateProhibited
Registry Registrant ID: REDACTED
Registrant Name: REDACTED
Registrant Organization: Domains By Proxy, LLC
Registrant Street: REDACTED
Registrant City: REDACTED
Registrant State/Province: Arizona
Registrant Postal Code: REDACTED
Registrant Country: US"
german,2026-08-06 16:36:39,SIMILARDOMAIN_WHOIS,sfp_whois,ww88.men,0,"Domain Name: ww88.men
Registry Domain ID: REDACTED FOR PRIVACY
Registrar WHOIS Server: whois-service.virtualcloud.co
Registrar URL: http://sav.com
Updated Date: 2025-11-24T12:10:34Z
Creation Date: 2025-09-25T12:10:33Z
Registry Expiry Date: 2026-09-25T12:10:33Z
Registrar: Sav.com LLC
Registrar IANA ID: 609
Registrar Abuse Contact Email: abuse-contact@sav.com
Registrar Abuse Contact Phone: +1.2132205715
Domain Status: clientTransferProhibited https://icann.org/epp#clientTransferProhibited
Registry Registrant ID: REDACTED FOR PRIVACY
Registrant Name: REDACTED FOR PRIVACY
Registrant Organization: REDACTED FOR PRIVACY
Registrant Street: REDACTED FOR PRIVACY
Registrant Street: REDACTED FOR PRIVACY
Registrant Street: REDACTED FOR PRIVACY
Registrant City: REDACTED FOR PRIVACY
Registrant State/Province: IL
Registrant Postal Code: REDACTED FOR PRIVACY
Registrant Country: US
Registrant Phone: REDACTED FOR PRIVACY
Registrant Phone Ext: REDACTED FOR PRIVACY
Registrant Fax: REDACTED FOR PRIVACY
Reg"
german,2026-08-06 16:36:24,SIMILARDOMAIN_WHOIS,sfp_whois,ww88.menu,0,"Domain Name: ww88.menu
Registry Domain ID: REDACTED FOR PRIVACY
Registrar WHOIS Server: whois.enom.com
Registrar URL: whois.enom.com
Updated Date: 2026-08-04T15:23:01Z
Creation Date: 2026-08-04T15:16:20Z
Registry Expiry Date: 2027-08-04T15:16:20Z
Registrar: eNom, LLC
Registrar IANA ID: 48
Registrar Abuse Contact Email: abuse@enom.com
Registrar Abuse Contact Phone: +1.4165350123
Domain Status: clientTransferProhibited https://icann.org/epp#clientTransferProhibited
Domain Status: serverTransferProhibited https://icann.org/epp#serverTransferProhibited
Domain Status: addPeriod https://icann.org/epp#addPeriod
Registry Registrant ID: REDACTED FOR PRIVACY
Registrant Name: REDACTED FOR PRIVACY
Registrant Organization: Privacy service provided by Withheld for Privacy ehf
Registrant Street: REDACTED FOR PRIVACY
Registrant Street: REDACTED FOR PRIVACY
Registrant Street: REDACTED FOR PRIVACY
Registrant City: REDACTED FOR PRIVACY
Registrant State/Province: Capital Region
Registrant Postal Code: REDAC"
german,2026-08-06 16:36:42,SIMILARDOMAIN_WHOIS,sfp_whois,ww88.moe,0,"Domain Name: ww88.moe
Registry Domain ID: REDACTED FOR PRIVACY
Registrar WHOIS Server: https://porkbun.com/whois
Registrar URL: www.porkbun.com
Updated Date: 2026-01-21T15:34:01Z
Creation Date: 2025-11-22T15:33:58Z
Registry Expiry Date: 2026-11-22T15:33:58Z
Registrar: Porkbun
Registrar IANA ID: 1861
Registrar Abuse Contact Email: abuse@porkbun.com
Registrar Abuse Contact Phone: +1.5038508351
Domain Status: clientTransferProhibited https://icann.org/epp#clientTransferProhibited
Domain Status: clientDeleteProhibited https://icann.org/epp#clientDeleteProhibited
Registry Registrant ID: REDACTED FOR PRIVACY
Registrant Name: REDACTED FOR PRIVACY
Registrant Organization: Private by Design, LLC
Registrant Street: REDACTED FOR PRIVACY
Registrant Street: REDACTED FOR PRIVACY
Registrant Street: REDACTED FOR PRIVACY
Registrant City: REDACTED FOR PRIVACY
Registrant State/Province: NC
Registrant Postal Code: REDACTED FOR PRIVACY
Registrant Country: US
Registrant Phone: REDACTED FOR PRIVACY
Registran"
german,2026-08-06 16:37:12,SIMILARDOMAIN_WHOIS,sfp_whois,ww88.one,0,"Domain Name: ww88.one
Registry Domain ID: REDACTED FOR PRIVACY
Registrar WHOIS Server: whois.namecheap.com
Registrar URL: http://www.namecheap.com
Updated Date: 2026-05-24T05:52:05Z
Creation Date: 2024-06-26T02:56:51Z
Registry Expiry Date: 2027-06-26T02:56:51Z
Registrar: NameCheap, Inc.
Registrar IANA ID: 1068
Registrar Abuse Contact Email: abuse@namecheap.com
Registrar Abuse Contact Phone: +1.6613102107
Domain Status: clientTransferProhibited https://icann.org/epp#clientTransferProhibited
Registry Registrant ID: REDACTED FOR PRIVACY
Registrant Name: REDACTED FOR PRIVACY
Registrant Organization: Privacy service provided by Withheld for Privacy ehf
Registrant Street: REDACTED FOR PRIVACY
Registrant Street: REDACTED FOR PRIVACY
Registrant Street: REDACTED FOR PRIVACY
Registrant City: REDACTED FOR PRIVACY
Registrant State/Province: Capital Region
Registrant Postal Code: REDACTED FOR PRIVACY
Registrant Country: IS
Registrant Phone: REDACTED FOR PRIVACY
Registrant Phone Ext: REDACTED FOR PRI"
german,2026-08-06 16:37:17,SIMILARDOMAIN_WHOIS,sfp_whois,ww88.online,0,"Domain Name: ww88.online
Registry Domain ID: D618144684-CNIC
Registrar WHOIS Server: whois.namecheap.com
Registrar URL: https://www.namecheap.com/
Updated Date: 2026-08-06T00:20:28.322Z
Creation Date: 2025-11-07T00:14:15.000Z
Registry Expiry Date: 2026-11-07T23:59:59.000Z
Registrar: NameCheap, Inc.
Registrar IANA ID: 1068
Registrar Abuse Contact Email: abuse@namecheap.com
Registrar Abuse Contact Phone: +1.9854014545
Domain Status: clientTransferProhibited https://icann.org/epp#clientTransferProhibited
Name Server: ns1.afternic.com
Name Server: ns2.afternic.com
DNSSEC: unsigned
URL of the ICANN RDDS Inaccuracy Complaint Form: https://icann.org/wicf

>>> Last update of WHOIS database: 2026-08-06T16:37:16.006Z <<<

For more information on domain status codes, please visit https://icann.org/epp

The WHOIS information provided in this page has been redacted
in compliance with ICANN's Temporary Specification for gTLD
Registration Data.

The data in this record is provided by Tucows Registry"
german,2026-08-06 16:24:13,SIMILARDOMAIN_WHOIS,sfp_whois,ww88.org,0,"Domain Name: ww88.org
Registry Domain ID: REDACTED
Registrar WHOIS Server: whois.tucows.com
Registrar URL: http://www.tucows.com
Updated Date: 2026-05-31T22:26:53Z
Creation Date: 2007-12-06T02:52:10Z
Registry Expiry Date: 2026-12-06T02:52:10Z
Registrar: Tucows Domains Inc.
Registrar IANA ID: 69
Registrar Abuse Contact Email: domainabuse@tucows.com
Registrar Abuse Contact Phone: +1.4165350123
Domain Status: clientTransferProhibited https://icann.org/epp#clientTransferProhibited
Domain Status: clientUpdateProhibited https://icann.org/epp#clientUpdateProhibited
Name Server: ns1.parkingcrew.net
Name Server: ns2.parkingcrew.net
DNSSEC: unsigned
URL of the ICANN Whois Inaccuracy Complaint Form: https://icann.org/wicf/
>>> Last update of WHOIS database: 2026-08-06T16:24:12Z <<<

For more information on Whois status codes, please visit https://icann.org/epp

Terms of Use: Access to Public Interest Registry WHOIS information is provided to assist persons in determining the contents of a domain nam"
german,2026-08-06 16:37:23,SIMILARDOMAIN_WHOIS,sfp_whois,ww88.osaka,0,"Domain Name: ww88.osaka
Registry Domain ID: REDACTED FOR PRIVACY
Registrar WHOIS Server: whois.namecheap.com
Registrar URL: http://www.namecheap.com
Updated Date: 2026-02-03T03:13:47Z
Creation Date: 2025-03-02T12:10:06Z
Registry Expiry Date: 2027-03-02T12:10:06Z
Registrar: NameCheap, Inc.
Registrar IANA ID: 1068
Registrar Abuse Contact Email: abuse@namecheap.com
Registrar Abuse Contact Phone: +1.6613102107
Domain Status: clientTransferProhibited https://icann.org/epp#clientTransferProhibited
Registry Registrant ID: REDACTED FOR PRIVACY
Registrant Name: REDACTED FOR PRIVACY
Registrant Organization: Privacy service provided by Withheld for Privacy ehf
Registrant Street: REDACTED FOR PRIVACY
Registrant Street: REDACTED FOR PRIVACY
Registrant Street: REDACTED FOR PRIVACY
Registrant City: REDACTED FOR PRIVACY
Registrant State/Province: Capital Region
Registrant Postal Code: REDACTED FOR PRIVACY
Registrant Country: IS
Registrant Phone: REDACTED FOR PRIVACY
Registrant Phone Ext: REDACTED FOR P"
german,2026-08-06 16:37:40,SIMILARDOMAIN_WHOIS,sfp_whois,ww88.party,0,"Domain Name: ww88.party
Registry Domain ID: REDACTED FOR PRIVACY
Registrar WHOIS Server: whois-service.virtualcloud.co
Registrar URL: http://sav.com
Updated Date: 2025-11-12T07:38:39Z
Creation Date: 2025-09-13T07:38:39Z
Registry Expiry Date: 2026-09-13T07:38:39Z
Registrar: Sav.com LLC
Registrar IANA ID: 609
Registrar Abuse Contact Email: abuse-contact@sav.com
Registrar Abuse Contact Phone: +1.2132205715
Domain Status: clientTransferProhibited https://icann.org/epp#clientTransferProhibited
Registry Registrant ID: REDACTED FOR PRIVACY
Registrant Name: REDACTED FOR PRIVACY
Registrant Organization: REDACTED FOR PRIVACY
Registrant Street: REDACTED FOR PRIVACY
Registrant Street: REDACTED FOR PRIVACY
Registrant Street: REDACTED FOR PRIVACY
Registrant City: REDACTED FOR PRIVACY
Registrant State/Province: IL
Registrant Postal Code: REDACTED FOR PRIVACY
Registrant Country: US
Registrant Phone: REDACTED FOR PRIVACY
Registrant Phone Ext: REDACTED FOR PRIVACY
Registrant Fax: REDACTED FOR PRIVACY
R"
german,2026-08-06 16:37:49,SIMILARDOMAIN_WHOIS,sfp_whois,ww88.photo,0,"Domain Name: ww88.photo
Registry Domain ID: REDACTED FOR PRIVACY
Registrar WHOIS Server: whois.namecheap.com
Registrar URL: http://www.namecheap.com
Updated Date: 2025-10-14T17:07:45Z
Creation Date: 2024-08-27T09:02:52Z
Registry Expiry Date: 2026-08-27T09:02:52Z
Registrar: NameCheap, Inc.
Registrar IANA ID: 1068
Registrar Abuse Contact Email: abuse@namecheap.com
Registrar Abuse Contact Phone: +1.6613102107
Domain Status: clientTransferProhibited https://icann.org/epp#clientTransferProhibited
Registry Registrant ID: REDACTED FOR PRIVACY
Registrant Name: REDACTED FOR PRIVACY
Registrant Organization: Privacy service provided by Withheld for Privacy ehf
Registrant Street: REDACTED FOR PRIVACY
Registrant Street: REDACTED FOR PRIVACY
Registrant Street: REDACTED FOR PRIVACY
Registrant City: REDACTED FOR PRIVACY
Registrant State/Province: Capital Region
Registrant Postal Code: REDACTED FOR PRIVACY
Registrant Country: IS
Registrant Phone: REDACTED FOR PRIVACY
Registrant Phone Ext: REDACTED FOR P"
german,2026-08-06 16:24:42,SIMILARDOMAIN_WHOIS,sfp_whois,ww88.pw,0,"Domain Name: ww88.pw
Registry Domain ID: D625949555-CNIC
Registrar WHOIS Server: whois.porkbun.com
Registrar URL: https://porkbun.com
Updated Date: 2026-03-12T12:02:44.000Z
Creation Date: 2026-01-30T07:02:47.000Z
Registry Expiry Date: 2027-01-30T23:59:59.000Z
Registrar: Porkbun LLC
Registrar IANA ID: 1861
Registrar Abuse Contact Email: abuse@porkbun.com
Registrar Abuse Contact Phone: 
Domain Status: clientTransferProhibited https://icann.org/epp#clientTransferProhibited
Domain Status: clientDeleteProhibited https://icann.org/epp#clientDeleteProhibited
Name Server: carmelo.ns.cloudflare.com
Name Server: kimora.ns.cloudflare.com
DNSSEC: unsigned
URL of the ICANN RDDS Inaccuracy Complaint Form: https://icann.org/wicf

>>> Last update of WHOIS database: 2026-08-06T16:24:41.419Z <<<

For more information on domain status codes, please visit https://icann.org/epp

The WHOIS information provided in this page has been redacted
in compliance with ICANN's Temporary Specification for gTLD
Registr"
german,2026-08-06 16:25:06,SIMILARDOMAIN_WHOIS,sfp_whois,ww88.sh,0,"Domain Name: ww88.sh
Registry Domain ID: REDACTED
Registrar WHOIS Server: whois.namecheap.com
Registrar URL: https://www.namecheap.com/
Updated Date: 2025-11-17T08:04:07Z
Creation Date: 2025-11-12T08:03:57Z
Registry Expiry Date: 2026-11-12T08:03:57Z
Registrar: NameCheap, Inc.
Registrar IANA ID: 1068
Registrar Abuse Contact Email: abuse@namecheap.com
Registrar Abuse Contact Phone: +1.9854014545
Domain Status: clientTransferProhibited https://icann.org/epp#clientTransferProhibited
Registry Registrant ID: REDACTED
Registrant Name: REDACTED
Registrant Organization: Privacy service provided by Withheld for Privacy ehf
Registrant Street: REDACTED
Registrant City: REDACTED
Registrant State/Province: Capital Region
Registrant Postal Code: REDACTED
Registrant Country: IS
Registrant Phone: REDACTED
Registrant Phone Ext: REDACTED
Registrant Fax: REDACTED
Registrant Fax Ext: REDACTED
Registrant Email: REDACTED
Registry Admin ID: REDACTED
Admin Name: REDACTED
Admin Organization: REDACTED
Admin "
german,2026-08-06 16:38:35,SIMILARDOMAIN_WHOIS,sfp_whois,ww88.stream,0,"Domain Name: ww88.stream
Registry Domain ID: REDACTED FOR PRIVACY
Registrar WHOIS Server: whois.spaceship.com
Registrar URL: https://www.spaceship.com/
Updated Date: 2026-02-14T10:26:31Z
Creation Date: 2025-12-16T10:26:27Z
Registry Expiry Date: 2026-12-16T10:26:27Z
Registrar: Spaceship, Inc.
Registrar IANA ID: 3862
Registrar Abuse Contact Email: abuse@spaceship.com
Registrar Abuse Contact Phone: +1.6613102107
Domain Status: clientTransferProhibited https://icann.org/epp#clientTransferProhibited
Registry Registrant ID: REDACTED FOR PRIVACY
Registrant Name: REDACTED FOR PRIVACY
Registrant Organization: Privacy service provided by Withheld for Privacy ehf
Registrant Street: REDACTED FOR PRIVACY
Registrant Street: REDACTED FOR PRIVACY
Registrant Street: REDACTED FOR PRIVACY
Registrant City: REDACTED FOR PRIVACY
Registrant State/Province: Capital Region
Registrant Postal Code: REDACTED FOR PRIVACY
Registrant Country: IS
Registrant Phone: REDACTED FOR PRIVACY
Registrant Phone Ext: REDACTED FO"
german,2026-08-06 16:38:33,SIMILARDOMAIN_WHOIS,sfp_whois,ww88.study,0,"Domain Name: ww88.study
Registry Domain ID: REDACTED FOR PRIVACY
Registrar WHOIS Server: whois.namecheap.com
Registrar URL: http://www.namecheap.com
Updated Date: 2026-07-26T04:31:37Z
Creation Date: 2026-07-17T13:10:58Z
Registry Expiry Date: 2027-07-17T13:10:58Z
Registrar: NameCheap, Inc.
Registrar IANA ID: 1068
Registrar Abuse Contact Email: abuse@namecheap.com
Registrar Abuse Contact Phone: +1.6613102107
Domain Status: clientTransferProhibited https://icann.org/epp#clientTransferProhibited
Domain Status: serverTransferProhibited https://icann.org/epp#serverTransferProhibited
Registry Registrant ID: REDACTED FOR PRIVACY
Registrant Name: REDACTED FOR PRIVACY
Registrant Organization:
Registrant Street: REDACTED FOR PRIVACY
Registrant Street: REDACTED FOR PRIVACY
Registrant Street: REDACTED FOR PRIVACY
Registrant City: REDACTED FOR PRIVACY
Registrant State/Province: NA
Registrant Postal Code: REDACTED FOR PRIVACY
Registrant Country: VN
Registrant Phone: REDACTED FOR PRIVACY
Registrant Ph"
german,2026-08-06 16:38:50,SIMILARDOMAIN_WHOIS,sfp_whois,ww88.sydney,0,"Domain Name: ww88.sydney
Registry Domain ID: REDACTED FOR PRIVACY
Registrar WHOIS Server: whois.godaddy.com
Registrar URL: whois.godaddy.com
Updated Date: 2026-03-04T03:43:59Z
Creation Date: 2025-04-07T11:43:54Z
Registry Expiry Date: 2027-04-07T11:43:54Z
Registrar: GoDaddy.com, LLC
Registrar IANA ID: 146
Registrar Abuse Contact Email: abuse@godaddy.com
Registrar Abuse Contact Phone: +1.4806242505
Domain Status: clientTransferProhibited https://icann.org/epp#clientTransferProhibited
Domain Status: clientUpdateProhibited https://icann.org/epp#clientUpdateProhibited
Domain Status: clientDeleteProhibited https://icann.org/epp#clientDeleteProhibited
Domain Status: clientRenewProhibited https://icann.org/epp#clientRenewProhibited
Registry Registrant ID: REDACTED FOR PRIVACY
Registrant Name: REDACTED FOR PRIVACY
Registrant Organization:
Registrant Street: REDACTED FOR PRIVACY
Registrant Street: REDACTED FOR PRIVACY
Registrant Street: REDACTED FOR PRIVACY
Registrant City: REDACTED FOR PRIVACY
Re"
german,2026-08-06 16:38:52,SIMILARDOMAIN_WHOIS,sfp_whois,ww88.tattoo,0,"Domain Name: ww88.tattoo
Registry Domain ID: REDACTED FOR PRIVACY
Registrar WHOIS Server: whois.namecheap.com
Registrar URL: http://www.namecheap.com
Updated Date: 2026-02-19T12:40:21Z
Creation Date: 2025-12-21T12:40:18Z
Registry Expiry Date: 2026-12-21T12:40:18Z
Registrar: NameCheap, Inc.
Registrar IANA ID: 1068
Registrar Abuse Contact Email: abuse@namecheap.com
Registrar Abuse Contact Phone: +1.6613102107
Domain Status: clientTransferProhibited https://icann.org/epp#clientTransferProhibited
Registry Registrant ID: REDACTED FOR PRIVACY
Registrant Name: REDACTED FOR PRIVACY
Registrant Organization: Privacy service provided by Withheld for Privacy ehf
Registrant Street: REDACTED FOR PRIVACY
Registrant Street: REDACTED FOR PRIVACY
Registrant Street: REDACTED FOR PRIVACY
Registrant City: REDACTED FOR PRIVACY
Registrant State/Province: Capital Region
Registrant Postal Code: REDACTED FOR PRIVACY
Registrant Country: IS
Registrant Phone: REDACTED FOR PRIVACY
Registrant Phone Ext: REDACTED FOR "
german,2026-08-06 16:25:57,SIMILARDOMAIN_WHOIS,sfp_whois,ww88.tel,0,"Domain Name: ww88.tel
Registry Domain ID: Djrms79746-TEL
Registrar WHOIS Server: whois.namecheap.com
Registrar URL: http://www.namecheap.com
Updated Date: 2026-07-30T11:19:17.31Z
Creation Date: 2025-07-15T08:33:14.371Z
Registry Expiry Date: 2026-07-15T08:33:14.371Z
Registrar Registration Expiration Date: 
Registrar: NameCheap, Inc.
Registrar IANA ID: 1068
Registrar Abuse Contact Email: abuse@namecheap.com
Registrar Abuse Contact Phone: +1.6027723958
Reseller: 
Domain Status: clientTransferProhibited https://icann.org/epp#clientTransferProhibited
Domain Status: pendingRenew https://icann.org/epp#pendingRenew
Domain Status: autoRenewPeriod https://icann.org/epp#autoRenewPeriod
Registry Registrant ID: REDACTED FOR PRIVACY
Registrant Name: REDACTED FOR PRIVACY
Registrant Organization: Withheld for Privacy Purposes
Registrant Street: REDACTED FOR PRIVACY
Registrant City: REDACTED FOR PRIVACY
Registrant State/Province: Capital Region
Registrant Postal Code: REDACTED FOR PRIVACY
Registrant Cou"
german,2026-08-06 15:58:24,DOMAIN_WHOIS,sfp_whois,ww88.top,0,"Domain Name: ww88.top
Registry Domain ID: D20240315G10001G_19634277-top
Registrar WHOIS Server: whois.namecheap.com
Registrar URL: https://www.namecheap.com/
Updated Date: 2026-03-13T07:58:47Z
Creation Date: 2024-03-15T12:31:09Z
Registry Expiry Date: 2027-03-15T12:31:09Z
Registrar: Namecheap Inc.
Registrar IANA ID: 1068
Registrar Abuse Contact Email: abuse@namecheap.com
Registrar Abuse Contact Phone: +1.6613102107
Domain Status: clientTransferProhibited https://icann.org/epp#clientTransferProhibited
Registry Registrant ID: REDACTED FOR PRIVACY
Registrant Name: REDACTED FOR PRIVACY
Registrant Organization: REDACTED FOR PRIVACY
Registrant Street:  REDACTED FOR PRIVACY
Registrant City: REDACTED FOR PRIVACY
Registrant State/Province: Capital Region
Registrant Postal Code: REDACTED FOR PRIVACY
Registrant Country: IS
Registrant Phone: REDACTED FOR PRIVACY
Registrant Phone Ext: REDACTED FOR PRIVACY
Registrant Fax: REDACTED FOR PRIVACY
Registrant Fax Ext: REDACTED FOR PRIVACY
Registrant Email:"
german,2026-08-06 16:39:01,SIMILARDOMAIN_WHOIS,sfp_whois,ww88.trade,0,"Domain Name: ww88.trade
Registry Domain ID: REDACTED FOR PRIVACY
Registrar WHOIS Server: whois.spaceship.com
Registrar URL: https://www.spaceship.com/
Updated Date: 2026-02-18T11:17:07Z
Creation Date: 2025-12-20T11:17:04Z
Registry Expiry Date: 2026-12-20T11:17:04Z
Registrar: Spaceship, Inc.
Registrar IANA ID: 3862
Registrar Abuse Contact Email: abuse@spaceship.com
Registrar Abuse Contact Phone: +1.6613102107
Domain Status: clientTransferProhibited https://icann.org/epp#clientTransferProhibited
Registry Registrant ID: REDACTED FOR PRIVACY
Registrant Name: REDACTED FOR PRIVACY
Registrant Organization: Privacy service provided by Withheld for Privacy ehf
Registrant Street: REDACTED FOR PRIVACY
Registrant Street: REDACTED FOR PRIVACY
Registrant Street: REDACTED FOR PRIVACY
Registrant City: REDACTED FOR PRIVACY
Registrant State/Province: Capital Region
Registrant Postal Code: REDACTED FOR PRIVACY
Registrant Country: IS
Registrant Phone: REDACTED FOR PRIVACY
Registrant Phone Ext: REDACTED FOR"
german,2026-08-06 16:39:10,SIMILARDOMAIN_WHOIS,sfp_whois,ww88.tube,0,"Domain Name: ww88.tube
Registry Domain ID: Dtysb16537-TUBE
Registrar WHOIS Server: whois.namecheap.com
Registrar URL: http://www.namecheap.com
Updated Date: 2026-08-04T12:08:51.234Z
Creation Date: 2026-08-04T12:08:45.270Z
Registry Expiry Date: 2027-08-04T12:08:45.270Z
Registrar Registration Expiration Date: 
Registrar: NameCheap, Inc.
Registrar IANA ID: 1068
Registrar Abuse Contact Email: abuse@namecheap.com
Registrar Abuse Contact Phone: +1.6027723958
Reseller: 
Domain Status: clientTransferProhibited https://icann.org/epp#clientTransferProhibited
Domain Status: serverTransferProhibited https://icann.org/epp#serverTransferProhibited
Domain Status: addPeriod https://icann.org/epp#addPeriod
Registry Registrant ID: REDACTED FOR PRIVACY
Registrant Name: REDACTED FOR PRIVACY
Registrant Organization: Privacy service provided by Withheld for Privacy ehf
Registrant Street: REDACTED FOR PRIVACY
Registrant City: REDACTED FOR PRIVACY
Registrant State/Province: Capital Region
Registrant Postal Code"
german,2026-08-06 16:27:25,SIMILARDOMAIN_WHOIS,sfp_whois,ww88.us,0,"Domain Name: ww88.us
Registry Domain ID: D40F342172AED425294C285361D31195E-GDREG
Registrar WHOIS Server: whois.spaceship.com
Registrar URL: https://www.spaceship.com/
Updated Date: 2026-01-12T05:56:30Z
Creation Date: 2024-11-14T00:00:07Z
Registry Expiry Date: 2026-11-14T00:00:07Z
Registrar: Spaceship, Inc.
Registrar IANA ID: 3862
Registrar Abuse Contact Email: abuse@spaceship.com
Registrar Abuse Contact Phone: +1.6613102107
Domain Status: clientTransferProhibited https://icann.org/epp#clientTransferProhibited
Registry Registrant ID: CC3BC90876494468D9F4054844DA39FD7-GDREG
Registrant Name: Michael Nava
Registrant Organization:
Registrant Street: 7609 Grove Acre Ct
Registrant Street:
Registrant Street:
Registrant City: Las Vegas
Registrant State/Province: NV
Registrant Postal Code: 89131
Registrant Country: US
Registrant Phone: +1.7026453412
Registrant Phone Ext:
Registrant Fax:
Registrant Fax Ext:
Registrant Email: thedomainexperts@gmail.com
Registrant Application Purpose: P3
Regist"
german,2026-08-06 16:39:16,SIMILARDOMAIN_WHOIS,sfp_whois,ww88.vodka,0,"Domain Name: ww88.vodka
Registry Domain ID: REDACTED FOR PRIVACY
Registrar WHOIS Server: whois.spaceship.com
Registrar URL: https://www.spaceship.com/
Updated Date: 2025-11-16T13:19:46Z
Creation Date: 2024-10-31T09:30:17Z
Registry Expiry Date: 2026-10-31T09:30:17Z
Registrar: Spaceship, Inc.
Registrar IANA ID: 3862
Registrar Abuse Contact Email: abuse@spaceship.com
Registrar Abuse Contact Phone: +1.6613102107
Domain Status: clientTransferProhibited https://icann.org/epp#clientTransferProhibited
Registry Registrant ID: REDACTED FOR PRIVACY
Registrant Name: REDACTED FOR PRIVACY
Registrant Organization: Privacy service provided by Withheld for Privacy ehf
Registrant Street: REDACTED FOR PRIVACY
Registrant Street: REDACTED FOR PRIVACY
Registrant Street: REDACTED FOR PRIVACY
Registrant City: REDACTED FOR PRIVACY
Registrant State/Province: Capital Region
Registrant Postal Code: REDACTED FOR PRIVACY
Registrant Country: IS
Registrant Phone: REDACTED FOR PRIVACY
Registrant Phone Ext: REDACTED FOR"
german,2026-08-06 16:39:27,SIMILARDOMAIN_WHOIS,sfp_whois,ww88.wiki,0,"Domain Name: ww88.wiki
Registry Domain ID: REDACTED FOR PRIVACY
Registrar WHOIS Server: whois.hkdns.hk
Registrar URL: http://www.hkdns.hk/
Updated Date: 2026-07-22T20:52:37Z
Creation Date: 2025-07-22T03:39:46Z
Registry Expiry Date: 2026-07-22T03:39:46Z
Registrar: West263 International Limited
Registrar IANA ID: 1915
Registrar Abuse Contact Email: abuse@hkdns.hk
Registrar Abuse Contact Phone: +852.30697963
Domain Status: ok https://icann.org/epp#ok
Domain Status: autoRenewPeriod https://icann.org/epp#autoRenewPeriod
Registry Registrant ID: REDACTED FOR PRIVACY
Registrant Name: REDACTED FOR PRIVACY
Registrant Organization:
Registrant Street: REDACTED FOR PRIVACY
Registrant Street: REDACTED FOR PRIVACY
Registrant Street: REDACTED FOR PRIVACY
Registrant City: REDACTED FOR PRIVACY
Registrant State/Province: HK
Registrant Postal Code: REDACTED FOR PRIVACY
Registrant Country: HK
Registrant Phone: REDACTED FOR PRIVACY
Registrant Phone Ext: REDACTED FOR PRIVACY
Registrant Fax: REDACTED FOR PRI"
german,2026-08-06 16:39:37,SIMILARDOMAIN_WHOIS,sfp_whois,ww88.win,0,"Domain Name: ww88.win
Registry Domain ID: REDACTED FOR PRIVACY
Registrar WHOIS Server: whois.namecheap.com
Registrar URL: http://www.namecheap.com
Updated Date: 2026-03-14T02:38:53Z
Creation Date: 2024-02-21T00:43:27Z
Registry Expiry Date: 2027-02-21T00:43:27Z
Registrar: NameCheap, Inc.
Registrar IANA ID: 1068
Registrar Abuse Contact Email: abuse@namecheap.com
Registrar Abuse Contact Phone: +1.6613102107
Domain Status: clientTransferProhibited https://icann.org/epp#clientTransferProhibited
Registry Registrant ID: REDACTED FOR PRIVACY
Registrant Name: REDACTED FOR PRIVACY
Registrant Organization: Privacy service provided by Withheld for Privacy ehf
Registrant Street: REDACTED FOR PRIVACY
Registrant Street: REDACTED FOR PRIVACY
Registrant Street: REDACTED FOR PRIVACY
Registrant City: REDACTED FOR PRIVACY
Registrant State/Province: Capital Region
Registrant Postal Code: REDACTED FOR PRIVACY
Registrant Country: IS
Registrant Phone: REDACTED FOR PRIVACY
Registrant Phone Ext: REDACTED FOR PRI"
german,2026-08-06 15:57:44,AFFILIATE_DESCRIPTION_CATEGORY,sfp_duckduckgo,kevin.ns.cloudflare.com,0,Freedom of speech in the United States
german,2026-08-06 16:01:00,COUNTRY_NAME,sfp_countryname,+3544212434,0,Iceland
german,2026-08-06 15:57:44,AFFILIATE_DESCRIPTION_CATEGORY,sfp_duckduckgo,kevin.ns.cloudflare.com,0,Internet security
german,2026-08-06 16:46:46,SIMILARDOMAIN_WHOIS,sfp_whois,ww88.us.org,0,"Malformed request.
>>> Last update of WHOIS database: 2026-08-06T16:46:45Z <<<

Terms of Use: Access to Public Interest Registry WHOIS information is provided to assist persons in determining the contents of a domain name registration record in the Public Interest Registry registry database. The data in this record is provided by Public Interest Registry for informational purposes only, and Public Interest Registry does not guarantee its accuracy. This service is intended only for query-based access. You agree that you will use this data only for lawful purposes and that, under no circumstances will you use this data to (a) allow, enable, or otherwise support the transmission by e-mail, telephone, or facsimile of mass unsolicited, commercial advertising or solicitations to entities other than the data recipient's own existing customers; or (b) enable high volume, automated, electronic processes that send queries or data to the systems of Registry Operator, a Registrar, or Identity Digital except as reasona"
german,2026-08-06 16:04:25,MALICIOUS_AFFILIATE_IPADDR,sfp_maltiverse,108.162.193.191,0,"Maltiverse [108.162.193.191]
 - DESCRIPTION : Matched whitelist source: Cloudflare
"
german,2026-08-06 16:03:50,MALICIOUS_AFFILIATE_IPADDR,sfp_maltiverse,172.64.33.191,0,"Maltiverse [172.64.33.191]
 - DESCRIPTION : Matched whitelist source: Cloudflare
"
german,2026-08-06 16:01:54,MALICIOUS_AFFILIATE_IPADDR,sfp_maltiverse,173.245.59.191,0,"Maltiverse [173.245.59.191]
 - DESCRIPTION : Matched whitelist source: Cloudflare
"
german,2026-08-06 15:58:56,MALICIOUS_AFFILIATE_IPADDR,sfp_maltiverse,92.119.167.160,0,"Maltiverse [92.119.167.160]
"
german,2026-08-06 16:01:00,AFFILIATE_COMPANY_NAME,sfp_company,"Domain Name: tds.so
Registry Domain ID: 130725-sonic
Registrar WHOIS Server: whois.namecheap.com
Updated Date: 2026-07-28T19:12:27Z
Creation Date: 2020-07-28T17:38:00Z
Registry Expiry Date: 2027-07-28T17:38:00Z
Registrar Registration Expiration Date: 2027-07-28T17:38:00Z
Registrar: NameCheap
Registrar IANA ID: 1068
Registrar Street Address: Street No. 4600, East Washington Street, Suite 305
Registrar City: Phoenix
Registrar State: AZ
Registrar Postal Code: 85034
Registrar Email: registry@namecheap.com
Registrar Abuse Contact Email: abuse@namecheap.com
Registrar Abuse Contact Phone: +1.6613102107
Domain Status: active https://icann.org/epp#active
Name Server: edna.ns.cloudflare.com
Name Server: rayden.ns.cloudflare.com
DNSSEC: unsigned
>>> Last update of WHOIS database: 2026-08-06T15:45:22.255Z <<<

For more information on domain status codes, please visit https://icann.org/epp

TERMS OF USE: You are not authorized to access or query our WHOIS database through the use of electronic proc",0,NAMECHEAP INC
german,2026-08-06 15:59:18,COMPANY_NAME,sfp_company,"Domain Name: ww88.top
Registry Domain ID: D20240315G10001G_19634277-top
Registrar WHOIS Server: whois.namecheap.com
Registrar URL: https://www.namecheap.com/
Updated Date: 2026-03-13T07:58:47Z
Creation Date: 2024-03-15T12:31:09Z
Registry Expiry Date: 2027-03-15T12:31:09Z
Registrar: Namecheap Inc.
Registrar IANA ID: 1068
Registrar Abuse Contact Email: abuse@namecheap.com
Registrar Abuse Contact Phone: +1.6613102107
Domain Status: clientTransferProhibited https://icann.org/epp#clientTransferProhibited
Registry Registrant ID: REDACTED FOR PRIVACY
Registrant Name: REDACTED FOR PRIVACY
Registrant Organization: REDACTED FOR PRIVACY
Registrant Street:  REDACTED FOR PRIVACY
Registrant City: REDACTED FOR PRIVACY
Registrant State/Province: Capital Region
Registrant Postal Code: REDACTED FOR PRIVACY
Registrant Country: IS
Registrant Phone: REDACTED FOR PRIVACY
Registrant Phone Ext: REDACTED FOR PRIVACY
Registrant Fax: REDACTED FOR PRIVACY
Registrant Fax Ext: REDACTED FOR PRIVACY
Registrant Email:",0,NAMECHEAP INC
german,2026-08-06 15:58:24,DOMAIN_REGISTRAR,sfp_whois,ww88.top,0,NAMECHEAP INC
german,2026-08-06 15:59:18,COMPANY_NAME,sfp_company,"Domain Name: ww88.top
Registry Domain ID: D20240315G10001G_19634277-top
Registrar WHOIS Server: whois.namecheap.com
Registrar URL: https://www.namecheap.com/
Updated Date: 2026-03-13T07:58:47Z
Creation Date: 2024-03-15T12:31:09Z
Registry Expiry Date: 2027-03-15T12:31:09Z
Registrar: Namecheap Inc.
Registrar IANA ID: 1068
Registrar Abuse Contact Email: abuse@namecheap.com
Registrar Abuse Contact Phone: +1.6613102107
Domain Status: clientTransferProhibited https://icann.org/epp#clientTransferProhibited
Registry Registrant ID: REDACTED FOR PRIVACY
Registrant Name: REDACTED FOR PRIVACY
Registrant Organization: REDACTED FOR PRIVACY
Registrant Street:  REDACTED FOR PRIVACY
Registrant City: REDACTED FOR PRIVACY
Registrant State/Province: Capital Region
Registrant Postal Code: REDACTED FOR PRIVACY
Registrant Country: IS
Registrant Phone: REDACTED FOR PRIVACY
Registrant Phone Ext: REDACTED FOR PRIVACY
Registrant Fax: REDACTED FOR PRIVACY
Registrant Fax Ext: REDACTED FOR PRIVACY
Registrant Email:",0,Namecheap Inc.
german,2026-08-06 15:57:44,AFFILIATE_DESCRIPTION_CATEGORY,sfp_duckduckgo,kevin.ns.cloudflare.com,0,Networking companies of the United States
german,2026-08-06 16:26:58,SIMILARDOMAIN_WHOIS,sfp_whois,ww88.tv,0,"No match for ""WW88.TV"".
>>> Last update of WHOIS database: 2026-08-06T16:26:41Z <<<

NOTICE: The expiration date displayed in this record is the date the
registrar's sponsorship of the domain name registration in the registry is
currently set to expire. This date does not necessarily reflect the
expiration date of the domain name registrant's agreement with the
sponsoring registrar.  Users may consult the sponsoring registrar's
Whois database to view the registrar's reported date of expiration
for this registration.

TERMS OF USE: You are not authorized to access or query our Whois
database through the use of electronic processes that are high-volume and
automated except as reasonably necessary to register domain names or
modify existing registrations; the Data in VeriSign's (""VeriSign"") Whois
database is provided by VeriSign for information purposes only, and to
assist persons in obtaining information about or related to a domain name
registration record. VeriSign does not guarantee its accu"
german,2026-08-06 16:39:48,SIMILARDOMAIN_WHOIS,sfp_whois,ww88.yokohama,0,"Notice: Effective May 1, 2026, the WHOIS service has been retired in accordance with ICANN's RDAP transition policy. All registration data queries are now served via RDAP. The Registration Data Access Protocol (RDAP) base URL is: https://rdap.gmoregistry.net/rdap/"
german,2026-08-06 16:38:56,SIMILARDOMAIN_WHOIS,sfp_whois,ww88.tokyo,0,"Notice: Effective May 1, 2026, the WHOIS service has been retired in accordance with ICANN's RDAP transition policy. All registration data queries are now served via RDAP. The Registration Data Access Protocol (RDAP) base URL is: https://rdap.gmoregistry.net/rdap/"
german,2026-08-06 15:57:44,AFFILIATE_DESCRIPTION_CATEGORY,sfp_duckduckgo,kevin.ns.cloudflare.com,0,Reverse proxy
german,2026-08-06 15:58:46,TCP_PORT_OPEN_BANNER,sfp_portscan_tcp,92.119.167.175:22,0,"SSH-2.0-OpenSSH_8.9p1 Ubuntu-3ubuntu0.16
"
german,2026-08-06 16:04:40,COUNTRY_NAME,sfp_countryname,tds.so,0,Somalia
german,2026-08-06 15:59:11,BLACKLISTED_AFFILIATE_IPADDR,sfp_spamhaus,194.110.247.75,0,Spamhaus (Zen) - Potential Spammer [194.110.247.75]
german,2026-08-06 15:59:11,MALICIOUS_AFFILIATE_IPADDR,sfp_spamhaus,194.110.247.75,0,Spamhaus (Zen) - Potential Spammer [194.110.247.75]
german,2026-08-06 16:31:00,SIMILARDOMAIN_WHOIS,sfp_whois,ww88.bargains,0,"TLD is not supported.
>>> Last update of WHOIS database: 2026-08-06T16:31:00Z <<<

Terms of Use: Access to WHOIS information is provided to assist persons in determining the contents of a domain name registration record in the registry database. The data in this record is provided by Identity Digital or the Registry Operator for informational purposes only, and accuracy is not guaranteed. This service is intended only for query-based access. You agree that you will use this data only for lawful purposes and that, under no circumstances will you use this data to (a) allow, enable, or otherwise support the transmission by e-mail, telephone, or facsimile of mass unsolicited, commercial advertising or solicitations to entities other than the data recipient's own existing customers; or (b) enable high volume, automated, electronic processes that send queries or data to the systems of Registry Operator, a Registrar, or Identity Digital except as reasonably necessary to register domain names or modify existing re"
german,2026-08-06 16:31:12,SIMILARDOMAIN_WHOIS,sfp_whois,ww88.bike,0,"TLD is not supported.
>>> Last update of WHOIS database: 2026-08-06T16:31:12Z <<<

Terms of Use: Access to WHOIS information is provided to assist persons in determining the contents of a domain name registration record in the registry database. The data in this record is provided by Identity Digital or the Registry Operator for informational purposes only, and accuracy is not guaranteed. This service is intended only for query-based access. You agree that you will use this data only for lawful purposes and that, under no circumstances will you use this data to (a) allow, enable, or otherwise support the transmission by e-mail, telephone, or facsimile of mass unsolicited, commercial advertising or solicitations to entities other than the data recipient's own existing customers; or (b) enable high volume, automated, electronic processes that send queries or data to the systems of Registry Operator, a Registrar, or Identity Digital except as reasonably necessary to register domain names or modify existing re"
german,2026-08-06 16:31:21,SIMILARDOMAIN_WHOIS,sfp_whois,ww88.black,0,"TLD is not supported.
>>> Last update of WHOIS database: 2026-08-06T16:31:20Z <<<

Terms of Use: Access to WHOIS information is provided to assist persons in determining the contents of a domain name registration record in the registry database. The data in this record is provided by Identity Digital or the Registry Operator for informational purposes only, and accuracy is not guaranteed. This service is intended only for query-based access. You agree that you will use this data only for lawful purposes and that, under no circumstances will you use this data to (a) allow, enable, or otherwise support the transmission by e-mail, telephone, or facsimile of mass unsolicited, commercial advertising or solicitations to entities other than the data recipient's own existing customers; or (b) enable high volume, automated, electronic processes that send queries or data to the systems of Registry Operator, a Registrar, or Identity Digital except as reasonably necessary to register domain names or modify existing re"
german,2026-08-06 16:31:24,SIMILARDOMAIN_WHOIS,sfp_whois,ww88.boutique,0,"TLD is not supported.
>>> Last update of WHOIS database: 2026-08-06T16:31:23Z <<<

Terms of Use: Access to WHOIS information is provided to assist persons in determining the contents of a domain name registration record in the registry database. The data in this record is provided by Identity Digital or the Registry Operator for informational purposes only, and accuracy is not guaranteed. This service is intended only for query-based access. You agree that you will use this data only for lawful purposes and that, under no circumstances will you use this data to (a) allow, enable, or otherwise support the transmission by e-mail, telephone, or facsimile of mass unsolicited, commercial advertising or solicitations to entities other than the data recipient's own existing customers; or (b) enable high volume, automated, electronic processes that send queries or data to the systems of Registry Operator, a Registrar, or Identity Digital except as reasonably necessary to register domain names or modify existing re"
german,2026-08-06 16:31:37,SIMILARDOMAIN_WHOIS,sfp_whois,ww88.builders,0,"TLD is not supported.
>>> Last update of WHOIS database: 2026-08-06T16:31:37Z <<<

Terms of Use: Access to WHOIS information is provided to assist persons in determining the contents of a domain name registration record in the registry database. The data in this record is provided by Identity Digital or the Registry Operator for informational purposes only, and accuracy is not guaranteed. This service is intended only for query-based access. You agree that you will use this data only for lawful purposes and that, under no circumstances will you use this data to (a) allow, enable, or otherwise support the transmission by e-mail, telephone, or facsimile of mass unsolicited, commercial advertising or solicitations to entities other than the data recipient's own existing customers; or (b) enable high volume, automated, electronic processes that send queries or data to the systems of Registry Operator, a Registrar, or Identity Digital except as reasonably necessary to register domain names or modify existing re"
german,2026-08-06 16:31:38,SIMILARDOMAIN_WHOIS,sfp_whois,ww88.cab,0,"TLD is not supported.
>>> Last update of WHOIS database: 2026-08-06T16:31:38Z <<<

Terms of Use: Access to WHOIS information is provided to assist persons in determining the contents of a domain name registration record in the registry database. The data in this record is provided by Identity Digital or the Registry Operator for informational purposes only, and accuracy is not guaranteed. This service is intended only for query-based access. You agree that you will use this data only for lawful purposes and that, under no circumstances will you use this data to (a) allow, enable, or otherwise support the transmission by e-mail, telephone, or facsimile of mass unsolicited, commercial advertising or solicitations to entities other than the data recipient's own existing customers; or (b) enable high volume, automated, electronic processes that send queries or data to the systems of Registry Operator, a Registrar, or Identity Digital except as reasonably necessary to register domain names or modify existing re"
german,2026-08-06 16:31:56,SIMILARDOMAIN_WHOIS,sfp_whois,ww88.capital,0,"TLD is not supported.
>>> Last update of WHOIS database: 2026-08-06T16:31:55Z <<<

Terms of Use: Access to WHOIS information is provided to assist persons in determining the contents of a domain name registration record in the registry database. The data in this record is provided by Identity Digital or the Registry Operator for informational purposes only, and accuracy is not guaranteed. This service is intended only for query-based access. You agree that you will use this data only for lawful purposes and that, under no circumstances will you use this data to (a) allow, enable, or otherwise support the transmission by e-mail, telephone, or facsimile of mass unsolicited, commercial advertising or solicitations to entities other than the data recipient's own existing customers; or (b) enable high volume, automated, electronic processes that send queries or data to the systems of Registry Operator, a Registrar, or Identity Digital except as reasonably necessary to register domain names or modify existing re"
german,2026-08-06 16:31:57,SIMILARDOMAIN_WHOIS,sfp_whois,ww88.cards,0,"TLD is not supported.
>>> Last update of WHOIS database: 2026-08-06T16:31:56Z <<<

Terms of Use: Access to WHOIS information is provided to assist persons in determining the contents of a domain name registration record in the registry database. The data in this record is provided by Identity Digital or the Registry Operator for informational purposes only, and accuracy is not guaranteed. This service is intended only for query-based access. You agree that you will use this data only for lawful purposes and that, under no circumstances will you use this data to (a) allow, enable, or otherwise support the transmission by e-mail, telephone, or facsimile of mass unsolicited, commercial advertising or solicitations to entities other than the data recipient's own existing customers; or (b) enable high volume, automated, electronic processes that send queries or data to the systems of Registry Operator, a Registrar, or Identity Digital except as reasonably necessary to register domain names or modify existing re"
german,2026-08-06 16:32:02,SIMILARDOMAIN_WHOIS,sfp_whois,ww88.care,0,"TLD is not supported.
>>> Last update of WHOIS database: 2026-08-06T16:32:02Z <<<

Terms of Use: Access to WHOIS information is provided to assist persons in determining the contents of a domain name registration record in the registry database. The data in this record is provided by Identity Digital or the Registry Operator for informational purposes only, and accuracy is not guaranteed. This service is intended only for query-based access. You agree that you will use this data only for lawful purposes and that, under no circumstances will you use this data to (a) allow, enable, or otherwise support the transmission by e-mail, telephone, or facsimile of mass unsolicited, commercial advertising or solicitations to entities other than the data recipient's own existing customers; or (b) enable high volume, automated, electronic processes that send queries or data to the systems of Registry Operator, a Registrar, or Identity Digital except as reasonably necessary to register domain names or modify existing re"
german,2026-08-06 16:32:04,SIMILARDOMAIN_WHOIS,sfp_whois,ww88.cash,0,"TLD is not supported.
>>> Last update of WHOIS database: 2026-08-06T16:32:03Z <<<

Terms of Use: Access to WHOIS information is provided to assist persons in determining the contents of a domain name registration record in the registry database. The data in this record is provided by Identity Digital or the Registry Operator for informational purposes only, and accuracy is not guaranteed. This service is intended only for query-based access. You agree that you will use this data only for lawful purposes and that, under no circumstances will you use this data to (a) allow, enable, or otherwise support the transmission by e-mail, telephone, or facsimile of mass unsolicited, commercial advertising or solicitations to entities other than the data recipient's own existing customers; or (b) enable high volume, automated, electronic processes that send queries or data to the systems of Registry Operator, a Registrar, or Identity Digital except as reasonably necessary to register domain names or modify existing re"
german,2026-08-06 16:32:34,SIMILARDOMAIN_WHOIS,sfp_whois,ww88.clothing,0,"TLD is not supported.
>>> Last update of WHOIS database: 2026-08-06T16:32:33Z <<<

Terms of Use: Access to WHOIS information is provided to assist persons in determining the contents of a domain name registration record in the registry database. The data in this record is provided by Identity Digital or the Registry Operator for informational purposes only, and accuracy is not guaranteed. This service is intended only for query-based access. You agree that you will use this data only for lawful purposes and that, under no circumstances will you use this data to (a) allow, enable, or otherwise support the transmission by e-mail, telephone, or facsimile of mass unsolicited, commercial advertising or solicitations to entities other than the data recipient's own existing customers; or (b) enable high volume, automated, electronic processes that send queries or data to the systems of Registry Operator, a Registrar, or Identity Digital except as reasonably necessary to register domain names or modify existing re"
german,2026-08-06 16:32:35,SIMILARDOMAIN_WHOIS,sfp_whois,ww88.codes,0,"TLD is not supported.
>>> Last update of WHOIS database: 2026-08-06T16:32:34Z <<<

Terms of Use: Access to WHOIS information is provided to assist persons in determining the contents of a domain name registration record in the registry database. The data in this record is provided by Identity Digital or the Registry Operator for informational purposes only, and accuracy is not guaranteed. This service is intended only for query-based access. You agree that you will use this data only for lawful purposes and that, under no circumstances will you use this data to (a) allow, enable, or otherwise support the transmission by e-mail, telephone, or facsimile of mass unsolicited, commercial advertising or solicitations to entities other than the data recipient's own existing customers; or (b) enable high volume, automated, electronic processes that send queries or data to the systems of Registry Operator, a Registrar, or Identity Digital except as reasonably necessary to register domain names or modify existing re"
german,2026-08-06 16:32:52,SIMILARDOMAIN_WHOIS,sfp_whois,ww88.coffee,0,"TLD is not supported.
>>> Last update of WHOIS database: 2026-08-06T16:32:51Z <<<

Terms of Use: Access to WHOIS information is provided to assist persons in determining the contents of a domain name registration record in the registry database. The data in this record is provided by Identity Digital or the Registry Operator for informational purposes only, and accuracy is not guaranteed. This service is intended only for query-based access. You agree that you will use this data only for lawful purposes and that, under no circumstances will you use this data to (a) allow, enable, or otherwise support the transmission by e-mail, telephone, or facsimile of mass unsolicited, commercial advertising or solicitations to entities other than the data recipient's own existing customers; or (b) enable high volume, automated, electronic processes that send queries or data to the systems of Registry Operator, a Registrar, or Identity Digital except as reasonably necessary to register domain names or modify existing re"
german,2026-08-06 16:32:53,SIMILARDOMAIN_WHOIS,sfp_whois,ww88.consulting,0,"TLD is not supported.
>>> Last update of WHOIS database: 2026-08-06T16:32:53Z <<<

Terms of Use: Access to WHOIS information is provided to assist persons in determining the contents of a domain name registration record in the registry database. The data in this record is provided by Identity Digital or the Registry Operator for informational purposes only, and accuracy is not guaranteed. This service is intended only for query-based access. You agree that you will use this data only for lawful purposes and that, under no circumstances will you use this data to (a) allow, enable, or otherwise support the transmission by e-mail, telephone, or facsimile of mass unsolicited, commercial advertising or solicitations to entities other than the data recipient's own existing customers; or (b) enable high volume, automated, electronic processes that send queries or data to the systems of Registry Operator, a Registrar, or Identity Digital except as reasonably necessary to register domain names or modify existing re"
german,2026-08-06 16:32:56,SIMILARDOMAIN_WHOIS,sfp_whois,ww88.construction,0,"TLD is not supported.
>>> Last update of WHOIS database: 2026-08-06T16:32:56Z <<<

Terms of Use: Access to WHOIS information is provided to assist persons in determining the contents of a domain name registration record in the registry database. The data in this record is provided by Identity Digital or the Registry Operator for informational purposes only, and accuracy is not guaranteed. This service is intended only for query-based access. You agree that you will use this data only for lawful purposes and that, under no circumstances will you use this data to (a) allow, enable, or otherwise support the transmission by e-mail, telephone, or facsimile of mass unsolicited, commercial advertising or solicitations to entities other than the data recipient's own existing customers; or (b) enable high volume, automated, electronic processes that send queries or data to the systems of Registry Operator, a Registrar, or Identity Digital except as reasonably necessary to register domain names or modify existing re"
german,2026-08-06 16:32:58,SIMILARDOMAIN_WHOIS,sfp_whois,ww88.cool,0,"TLD is not supported.
>>> Last update of WHOIS database: 2026-08-06T16:32:58Z <<<

Terms of Use: Access to WHOIS information is provided to assist persons in determining the contents of a domain name registration record in the registry database. The data in this record is provided by Identity Digital or the Registry Operator for informational purposes only, and accuracy is not guaranteed. This service is intended only for query-based access. You agree that you will use this data only for lawful purposes and that, under no circumstances will you use this data to (a) allow, enable, or otherwise support the transmission by e-mail, telephone, or facsimile of mass unsolicited, commercial advertising or solicitations to entities other than the data recipient's own existing customers; or (b) enable high volume, automated, electronic processes that send queries or data to the systems of Registry Operator, a Registrar, or Identity Digital except as reasonably necessary to register domain names or modify existing re"
german,2026-08-06 16:32:59,SIMILARDOMAIN_WHOIS,sfp_whois,ww88.contractors,0,"TLD is not supported.
>>> Last update of WHOIS database: 2026-08-06T16:32:59Z <<<

Terms of Use: Access to WHOIS information is provided to assist persons in determining the contents of a domain name registration record in the registry database. The data in this record is provided by Identity Digital or the Registry Operator for informational purposes only, and accuracy is not guaranteed. This service is intended only for query-based access. You agree that you will use this data only for lawful purposes and that, under no circumstances will you use this data to (a) allow, enable, or otherwise support the transmission by e-mail, telephone, or facsimile of mass unsolicited, commercial advertising or solicitations to entities other than the data recipient's own existing customers; or (b) enable high volume, automated, electronic processes that send queries or data to the systems of Registry Operator, a Registrar, or Identity Digital except as reasonably necessary to register domain names or modify existing re"
german,2026-08-06 16:33:09,SIMILARDOMAIN_WHOIS,sfp_whois,ww88.cruises,0,"TLD is not supported.
>>> Last update of WHOIS database: 2026-08-06T16:33:09Z <<<

Terms of Use: Access to WHOIS information is provided to assist persons in determining the contents of a domain name registration record in the registry database. The data in this record is provided by Identity Digital or the Registry Operator for informational purposes only, and accuracy is not guaranteed. This service is intended only for query-based access. You agree that you will use this data only for lawful purposes and that, under no circumstances will you use this data to (a) allow, enable, or otherwise support the transmission by e-mail, telephone, or facsimile of mass unsolicited, commercial advertising or solicitations to entities other than the data recipient's own existing customers; or (b) enable high volume, automated, electronic processes that send queries or data to the systems of Registry Operator, a Registrar, or Identity Digital except as reasonably necessary to register domain names or modify existing re"
german,2026-08-06 16:33:16,SIMILARDOMAIN_WHOIS,sfp_whois,ww88.dance,0,"TLD is not supported.
>>> Last update of WHOIS database: 2026-08-06T16:33:16Z <<<

Terms of Use: Access to WHOIS information is provided to assist persons in determining the contents of a domain name registration record in the registry database. The data in this record is provided by Identity Digital or the Registry Operator for informational purposes only, and accuracy is not guaranteed. This service is intended only for query-based access. You agree that you will use this data only for lawful purposes and that, under no circumstances will you use this data to (a) allow, enable, or otherwise support the transmission by e-mail, telephone, or facsimile of mass unsolicited, commercial advertising or solicitations to entities other than the data recipient's own existing customers; or (b) enable high volume, automated, electronic processes that send queries or data to the systems of Registry Operator, a Registrar, or Identity Digital except as reasonably necessary to register domain names or modify existing re"
german,2026-08-06 16:33:28,SIMILARDOMAIN_WHOIS,sfp_whois,ww88.directory,0,"TLD is not supported.
>>> Last update of WHOIS database: 2026-08-06T16:33:27Z <<<

Terms of Use: Access to WHOIS information is provided to assist persons in determining the contents of a domain name registration record in the registry database. The data in this record is provided by Identity Digital or the Registry Operator for informational purposes only, and accuracy is not guaranteed. This service is intended only for query-based access. You agree that you will use this data only for lawful purposes and that, under no circumstances will you use this data to (a) allow, enable, or otherwise support the transmission by e-mail, telephone, or facsimile of mass unsolicited, commercial advertising or solicitations to entities other than the data recipient's own existing customers; or (b) enable high volume, automated, electronic processes that send queries or data to the systems of Registry Operator, a Registrar, or Identity Digital except as reasonably necessary to register domain names or modify existing re"
german,2026-08-06 16:33:29,SIMILARDOMAIN_WHOIS,sfp_whois,ww88.digital,0,"TLD is not supported.
>>> Last update of WHOIS database: 2026-08-06T16:33:29Z <<<

Terms of Use: Access to WHOIS information is provided to assist persons in determining the contents of a domain name registration record in the registry database. The data in this record is provided by Identity Digital or the Registry Operator for informational purposes only, and accuracy is not guaranteed. This service is intended only for query-based access. You agree that you will use this data only for lawful purposes and that, under no circumstances will you use this data to (a) allow, enable, or otherwise support the transmission by e-mail, telephone, or facsimile of mass unsolicited, commercial advertising or solicitations to entities other than the data recipient's own existing customers; or (b) enable high volume, automated, electronic processes that send queries or data to the systems of Registry Operator, a Registrar, or Identity Digital except as reasonably necessary to register domain names or modify existing re"
german,2026-08-06 16:33:31,SIMILARDOMAIN_WHOIS,sfp_whois,ww88.domains,0,"TLD is not supported.
>>> Last update of WHOIS database: 2026-08-06T16:33:31Z <<<

Terms of Use: Access to WHOIS information is provided to assist persons in determining the contents of a domain name registration record in the registry database. The data in this record is provided by Identity Digital or the Registry Operator for informational purposes only, and accuracy is not guaranteed. This service is intended only for query-based access. You agree that you will use this data only for lawful purposes and that, under no circumstances will you use this data to (a) allow, enable, or otherwise support the transmission by e-mail, telephone, or facsimile of mass unsolicited, commercial advertising or solicitations to entities other than the data recipient's own existing customers; or (b) enable high volume, automated, electronic processes that send queries or data to the systems of Registry Operator, a Registrar, or Identity Digital except as reasonably necessary to register domain names or modify existing re"
german,2026-08-06 16:33:34,SIMILARDOMAIN_WHOIS,sfp_whois,ww88.email,0,"TLD is not supported.
>>> Last update of WHOIS database: 2026-08-06T16:33:34Z <<<

Terms of Use: Access to WHOIS information is provided to assist persons in determining the contents of a domain name registration record in the registry database. The data in this record is provided by Identity Digital or the Registry Operator for informational purposes only, and accuracy is not guaranteed. This service is intended only for query-based access. You agree that you will use this data only for lawful purposes and that, under no circumstances will you use this data to (a) allow, enable, or otherwise support the transmission by e-mail, telephone, or facsimile of mass unsolicited, commercial advertising or solicitations to entities other than the data recipient's own existing customers; or (b) enable high volume, automated, electronic processes that send queries or data to the systems of Registry Operator, a Registrar, or Identity Digital except as reasonably necessary to register domain names or modify existing re"
german,2026-08-06 16:33:36,SIMILARDOMAIN_WHOIS,sfp_whois,ww88.engineering,0,"TLD is not supported.
>>> Last update of WHOIS database: 2026-08-06T16:33:35Z <<<

Terms of Use: Access to WHOIS information is provided to assist persons in determining the contents of a domain name registration record in the registry database. The data in this record is provided by Identity Digital or the Registry Operator for informational purposes only, and accuracy is not guaranteed. This service is intended only for query-based access. You agree that you will use this data only for lawful purposes and that, under no circumstances will you use this data to (a) allow, enable, or otherwise support the transmission by e-mail, telephone, or facsimile of mass unsolicited, commercial advertising or solicitations to entities other than the data recipient's own existing customers; or (b) enable high volume, automated, electronic processes that send queries or data to the systems of Registry Operator, a Registrar, or Identity Digital except as reasonably necessary to register domain names or modify existing re"
german,2026-08-06 16:33:39,SIMILARDOMAIN_WHOIS,sfp_whois,ww88.exchange,0,"TLD is not supported.
>>> Last update of WHOIS database: 2026-08-06T16:33:38Z <<<

Terms of Use: Access to WHOIS information is provided to assist persons in determining the contents of a domain name registration record in the registry database. The data in this record is provided by Identity Digital or the Registry Operator for informational purposes only, and accuracy is not guaranteed. This service is intended only for query-based access. You agree that you will use this data only for lawful purposes and that, under no circumstances will you use this data to (a) allow, enable, or otherwise support the transmission by e-mail, telephone, or facsimile of mass unsolicited, commercial advertising or solicitations to entities other than the data recipient's own existing customers; or (b) enable high volume, automated, electronic processes that send queries or data to the systems of Registry Operator, a Registrar, or Identity Digital except as reasonably necessary to register domain names or modify existing re"
german,2026-08-06 16:33:40,SIMILARDOMAIN_WHOIS,sfp_whois,ww88.expert,0,"TLD is not supported.
>>> Last update of WHOIS database: 2026-08-06T16:33:40Z <<<

Terms of Use: Access to WHOIS information is provided to assist persons in determining the contents of a domain name registration record in the registry database. The data in this record is provided by Identity Digital or the Registry Operator for informational purposes only, and accuracy is not guaranteed. This service is intended only for query-based access. You agree that you will use this data only for lawful purposes and that, under no circumstances will you use this data to (a) allow, enable, or otherwise support the transmission by e-mail, telephone, or facsimile of mass unsolicited, commercial advertising or solicitations to entities other than the data recipient's own existing customers; or (b) enable high volume, automated, electronic processes that send queries or data to the systems of Registry Operator, a Registrar, or Identity Digital except as reasonably necessary to register domain names or modify existing re"
german,2026-08-06 16:33:43,SIMILARDOMAIN_WHOIS,sfp_whois,ww88.fail,0,"TLD is not supported.
>>> Last update of WHOIS database: 2026-08-06T16:33:43Z <<<

Terms of Use: Access to WHOIS information is provided to assist persons in determining the contents of a domain name registration record in the registry database. The data in this record is provided by Identity Digital or the Registry Operator for informational purposes only, and accuracy is not guaranteed. This service is intended only for query-based access. You agree that you will use this data only for lawful purposes and that, under no circumstances will you use this data to (a) allow, enable, or otherwise support the transmission by e-mail, telephone, or facsimile of mass unsolicited, commercial advertising or solicitations to entities other than the data recipient's own existing customers; or (b) enable high volume, automated, electronic processes that send queries or data to the systems of Registry Operator, a Registrar, or Identity Digital except as reasonably necessary to register domain names or modify existing re"
german,2026-08-06 16:34:01,SIMILARDOMAIN_WHOIS,sfp_whois,ww88.financial,0,"TLD is not supported.
>>> Last update of WHOIS database: 2026-08-06T16:34:01Z <<<

Terms of Use: Access to WHOIS information is provided to assist persons in determining the contents of a domain name registration record in the registry database. The data in this record is provided by Identity Digital or the Registry Operator for informational purposes only, and accuracy is not guaranteed. This service is intended only for query-based access. You agree that you will use this data only for lawful purposes and that, under no circumstances will you use this data to (a) allow, enable, or otherwise support the transmission by e-mail, telephone, or facsimile of mass unsolicited, commercial advertising or solicitations to entities other than the data recipient's own existing customers; or (b) enable high volume, automated, electronic processes that send queries or data to the systems of Registry Operator, a Registrar, or Identity Digital except as reasonably necessary to register domain names or modify existing re"
german,2026-08-06 16:34:06,SIMILARDOMAIN_WHOIS,sfp_whois,ww88.fish,0,"TLD is not supported.
>>> Last update of WHOIS database: 2026-08-06T16:34:05Z <<<

Terms of Use: Access to WHOIS information is provided to assist persons in determining the contents of a domain name registration record in the registry database. The data in this record is provided by Identity Digital or the Registry Operator for informational purposes only, and accuracy is not guaranteed. This service is intended only for query-based access. You agree that you will use this data only for lawful purposes and that, under no circumstances will you use this data to (a) allow, enable, or otherwise support the transmission by e-mail, telephone, or facsimile of mass unsolicited, commercial advertising or solicitations to entities other than the data recipient's own existing customers; or (b) enable high volume, automated, electronic processes that send queries or data to the systems of Registry Operator, a Registrar, or Identity Digital except as reasonably necessary to register domain names or modify existing re"
german,2026-08-06 16:34:12,SIMILARDOMAIN_WHOIS,sfp_whois,ww88.flights,0,"TLD is not supported.
>>> Last update of WHOIS database: 2026-08-06T16:34:11Z <<<

Terms of Use: Access to WHOIS information is provided to assist persons in determining the contents of a domain name registration record in the registry database. The data in this record is provided by Identity Digital or the Registry Operator for informational purposes only, and accuracy is not guaranteed. This service is intended only for query-based access. You agree that you will use this data only for lawful purposes and that, under no circumstances will you use this data to (a) allow, enable, or otherwise support the transmission by e-mail, telephone, or facsimile of mass unsolicited, commercial advertising or solicitations to entities other than the data recipient's own existing customers; or (b) enable high volume, automated, electronic processes that send queries or data to the systems of Registry Operator, a Registrar, or Identity Digital except as reasonably necessary to register domain names or modify existing re"
german,2026-08-06 16:34:13,SIMILARDOMAIN_WHOIS,sfp_whois,ww88.florist,0,"TLD is not supported.
>>> Last update of WHOIS database: 2026-08-06T16:34:13Z <<<

Terms of Use: Access to WHOIS information is provided to assist persons in determining the contents of a domain name registration record in the registry database. The data in this record is provided by Identity Digital or the Registry Operator for informational purposes only, and accuracy is not guaranteed. This service is intended only for query-based access. You agree that you will use this data only for lawful purposes and that, under no circumstances will you use this data to (a) allow, enable, or otherwise support the transmission by e-mail, telephone, or facsimile of mass unsolicited, commercial advertising or solicitations to entities other than the data recipient's own existing customers; or (b) enable high volume, automated, electronic processes that send queries or data to the systems of Registry Operator, a Registrar, or Identity Digital except as reasonably necessary to register domain names or modify existing re"
german,2026-08-06 16:34:37,SIMILARDOMAIN_WHOIS,sfp_whois,ww88.fund,0,"TLD is not supported.
>>> Last update of WHOIS database: 2026-08-06T16:34:37Z <<<

Terms of Use: Access to WHOIS information is provided to assist persons in determining the contents of a domain name registration record in the registry database. The data in this record is provided by Identity Digital or the Registry Operator for informational purposes only, and accuracy is not guaranteed. This service is intended only for query-based access. You agree that you will use this data only for lawful purposes and that, under no circumstances will you use this data to (a) allow, enable, or otherwise support the transmission by e-mail, telephone, or facsimile of mass unsolicited, commercial advertising or solicitations to entities other than the data recipient's own existing customers; or (b) enable high volume, automated, electronic processes that send queries or data to the systems of Registry Operator, a Registrar, or Identity Digital except as reasonably necessary to register domain names or modify existing re"
german,2026-08-06 16:34:41,SIMILARDOMAIN_WHOIS,sfp_whois,ww88.futbol,0,"TLD is not supported.
>>> Last update of WHOIS database: 2026-08-06T16:34:40Z <<<

Terms of Use: Access to WHOIS information is provided to assist persons in determining the contents of a domain name registration record in the registry database. The data in this record is provided by Identity Digital or the Registry Operator for informational purposes only, and accuracy is not guaranteed. This service is intended only for query-based access. You agree that you will use this data only for lawful purposes and that, under no circumstances will you use this data to (a) allow, enable, or otherwise support the transmission by e-mail, telephone, or facsimile of mass unsolicited, commercial advertising or solicitations to entities other than the data recipient's own existing customers; or (b) enable high volume, automated, electronic processes that send queries or data to the systems of Registry Operator, a Registrar, or Identity Digital except as reasonably necessary to register domain names or modify existing re"
german,2026-08-06 16:34:43,SIMILARDOMAIN_WHOIS,sfp_whois,ww88.games,0,"TLD is not supported.
>>> Last update of WHOIS database: 2026-08-06T16:34:42Z <<<

Terms of Use: Access to WHOIS information is provided to assist persons in determining the contents of a domain name registration record in the registry database. The data in this record is provided by Identity Digital or the Registry Operator for informational purposes only, and accuracy is not guaranteed. This service is intended only for query-based access. You agree that you will use this data only for lawful purposes and that, under no circumstances will you use this data to (a) allow, enable, or otherwise support the transmission by e-mail, telephone, or facsimile of mass unsolicited, commercial advertising or solicitations to entities other than the data recipient's own existing customers; or (b) enable high volume, automated, electronic processes that send queries or data to the systems of Registry Operator, a Registrar, or Identity Digital except as reasonably necessary to register domain names or modify existing re"
german,2026-08-06 16:34:53,SIMILARDOMAIN_WHOIS,sfp_whois,ww88.glass,0,"TLD is not supported.
>>> Last update of WHOIS database: 2026-08-06T16:34:52Z <<<

Terms of Use: Access to WHOIS information is provided to assist persons in determining the contents of a domain name registration record in the registry database. The data in this record is provided by Identity Digital or the Registry Operator for informational purposes only, and accuracy is not guaranteed. This service is intended only for query-based access. You agree that you will use this data only for lawful purposes and that, under no circumstances will you use this data to (a) allow, enable, or otherwise support the transmission by e-mail, telephone, or facsimile of mass unsolicited, commercial advertising or solicitations to entities other than the data recipient's own existing customers; or (b) enable high volume, automated, electronic processes that send queries or data to the systems of Registry Operator, a Registrar, or Identity Digital except as reasonably necessary to register domain names or modify existing re"
german,2026-08-06 16:34:59,SIMILARDOMAIN_WHOIS,sfp_whois,ww88.green,0,"TLD is not supported.
>>> Last update of WHOIS database: 2026-08-06T16:34:58Z <<<

Terms of Use: Access to WHOIS information is provided to assist persons in determining the contents of a domain name registration record in the registry database. The data in this record is provided by Identity Digital or the Registry Operator for informational purposes only, and accuracy is not guaranteed. This service is intended only for query-based access. You agree that you will use this data only for lawful purposes and that, under no circumstances will you use this data to (a) allow, enable, or otherwise support the transmission by e-mail, telephone, or facsimile of mass unsolicited, commercial advertising or solicitations to entities other than the data recipient's own existing customers; or (b) enable high volume, automated, electronic processes that send queries or data to the systems of Registry Operator, a Registrar, or Identity Digital except as reasonably necessary to register domain names or modify existing re"
german,2026-08-06 16:35:02,SIMILARDOMAIN_WHOIS,sfp_whois,ww88.gratis,0,"TLD is not supported.
>>> Last update of WHOIS database: 2026-08-06T16:35:02Z <<<

Terms of Use: Access to WHOIS information is provided to assist persons in determining the contents of a domain name registration record in the registry database. The data in this record is provided by Identity Digital or the Registry Operator for informational purposes only, and accuracy is not guaranteed. This service is intended only for query-based access. You agree that you will use this data only for lawful purposes and that, under no circumstances will you use this data to (a) allow, enable, or otherwise support the transmission by e-mail, telephone, or facsimile of mass unsolicited, commercial advertising or solicitations to entities other than the data recipient's own existing customers; or (b) enable high volume, automated, electronic processes that send queries or data to the systems of Registry Operator, a Registrar, or Identity Digital except as reasonably necessary to register domain names or modify existing re"
german,2026-08-06 16:35:04,SIMILARDOMAIN_WHOIS,sfp_whois,ww88.guru,0,"TLD is not supported.
>>> Last update of WHOIS database: 2026-08-06T16:35:04Z <<<

Terms of Use: Access to WHOIS information is provided to assist persons in determining the contents of a domain name registration record in the registry database. The data in this record is provided by Identity Digital or the Registry Operator for informational purposes only, and accuracy is not guaranteed. This service is intended only for query-based access. You agree that you will use this data only for lawful purposes and that, under no circumstances will you use this data to (a) allow, enable, or otherwise support the transmission by e-mail, telephone, or facsimile of mass unsolicited, commercial advertising or solicitations to entities other than the data recipient's own existing customers; or (b) enable high volume, automated, electronic processes that send queries or data to the systems of Registry Operator, a Registrar, or Identity Digital except as reasonably necessary to register domain names or modify existing re"
german,2026-08-06 16:35:22,SIMILARDOMAIN_WHOIS,sfp_whois,ww88.investments,0,"TLD is not supported.
>>> Last update of WHOIS database: 2026-08-06T16:35:22Z <<<

Terms of Use: Access to WHOIS information is provided to assist persons in determining the contents of a domain name registration record in the registry database. The data in this record is provided by Identity Digital or the Registry Operator for informational purposes only, and accuracy is not guaranteed. This service is intended only for query-based access. You agree that you will use this data only for lawful purposes and that, under no circumstances will you use this data to (a) allow, enable, or otherwise support the transmission by e-mail, telephone, or facsimile of mass unsolicited, commercial advertising or solicitations to entities other than the data recipient's own existing customers; or (b) enable high volume, automated, electronic processes that send queries or data to the systems of Registry Operator, a Registrar, or Identity Digital except as reasonably necessary to register domain names or modify existing re"
german,2026-08-06 16:35:31,SIMILARDOMAIN_WHOIS,sfp_whois,ww88.land,0,"TLD is not supported.
>>> Last update of WHOIS database: 2026-08-06T16:35:30Z <<<

Terms of Use: Access to WHOIS information is provided to assist persons in determining the contents of a domain name registration record in the registry database. The data in this record is provided by Identity Digital or the Registry Operator for informational purposes only, and accuracy is not guaranteed. This service is intended only for query-based access. You agree that you will use this data only for lawful purposes and that, under no circumstances will you use this data to (a) allow, enable, or otherwise support the transmission by e-mail, telephone, or facsimile of mass unsolicited, commercial advertising or solicitations to entities other than the data recipient's own existing customers; or (b) enable high volume, automated, electronic processes that send queries or data to the systems of Registry Operator, a Registrar, or Identity Digital except as reasonably necessary to register domain names or modify existing re"
german,2026-08-06 16:35:33,SIMILARDOMAIN_WHOIS,sfp_whois,ww88.lgbt,0,"TLD is not supported.
>>> Last update of WHOIS database: 2026-08-06T16:35:33Z <<<

Terms of Use: Access to WHOIS information is provided to assist persons in determining the contents of a domain name registration record in the registry database. The data in this record is provided by Identity Digital or the Registry Operator for informational purposes only, and accuracy is not guaranteed. This service is intended only for query-based access. You agree that you will use this data only for lawful purposes and that, under no circumstances will you use this data to (a) allow, enable, or otherwise support the transmission by e-mail, telephone, or facsimile of mass unsolicited, commercial advertising or solicitations to entities other than the data recipient's own existing customers; or (b) enable high volume, automated, electronic processes that send queries or data to the systems of Registry Operator, a Registrar, or Identity Digital except as reasonably necessary to register domain names or modify existing re"
german,2026-08-06 16:35:34,SIMILARDOMAIN_WHOIS,sfp_whois,ww88.lighting,0,"TLD is not supported.
>>> Last update of WHOIS database: 2026-08-06T16:35:34Z <<<

Terms of Use: Access to WHOIS information is provided to assist persons in determining the contents of a domain name registration record in the registry database. The data in this record is provided by Identity Digital or the Registry Operator for informational purposes only, and accuracy is not guaranteed. This service is intended only for query-based access. You agree that you will use this data only for lawful purposes and that, under no circumstances will you use this data to (a) allow, enable, or otherwise support the transmission by e-mail, telephone, or facsimile of mass unsolicited, commercial advertising or solicitations to entities other than the data recipient's own existing customers; or (b) enable high volume, automated, electronic processes that send queries or data to the systems of Registry Operator, a Registrar, or Identity Digital except as reasonably necessary to register domain names or modify existing re"
german,2026-08-06 16:35:44,SIMILARDOMAIN_WHOIS,sfp_whois,ww88.limo,0,"TLD is not supported.
>>> Last update of WHOIS database: 2026-08-06T16:35:44Z <<<

Terms of Use: Access to WHOIS information is provided to assist persons in determining the contents of a domain name registration record in the registry database. The data in this record is provided by Identity Digital or the Registry Operator for informational purposes only, and accuracy is not guaranteed. This service is intended only for query-based access. You agree that you will use this data only for lawful purposes and that, under no circumstances will you use this data to (a) allow, enable, or otherwise support the transmission by e-mail, telephone, or facsimile of mass unsolicited, commercial advertising or solicitations to entities other than the data recipient's own existing customers; or (b) enable high volume, automated, electronic processes that send queries or data to the systems of Registry Operator, a Registrar, or Identity Digital except as reasonably necessary to register domain names or modify existing re"
german,2026-08-06 16:36:05,SIMILARDOMAIN_WHOIS,sfp_whois,ww88.maison,0,"TLD is not supported.
>>> Last update of WHOIS database: 2026-08-06T16:36:05Z <<<

Terms of Use: Access to WHOIS information is provided to assist persons in determining the contents of a domain name registration record in the registry database. The data in this record is provided by Identity Digital or the Registry Operator for informational purposes only, and accuracy is not guaranteed. This service is intended only for query-based access. You agree that you will use this data only for lawful purposes and that, under no circumstances will you use this data to (a) allow, enable, or otherwise support the transmission by e-mail, telephone, or facsimile of mass unsolicited, commercial advertising or solicitations to entities other than the data recipient's own existing customers; or (b) enable high volume, automated, electronic processes that send queries or data to the systems of Registry Operator, a Registrar, or Identity Digital except as reasonably necessary to register domain names or modify existing re"
german,2026-08-06 16:36:13,SIMILARDOMAIN_WHOIS,sfp_whois,ww88.management,0,"TLD is not supported.
>>> Last update of WHOIS database: 2026-08-06T16:36:12Z <<<

Terms of Use: Access to WHOIS information is provided to assist persons in determining the contents of a domain name registration record in the registry database. The data in this record is provided by Identity Digital or the Registry Operator for informational purposes only, and accuracy is not guaranteed. This service is intended only for query-based access. You agree that you will use this data only for lawful purposes and that, under no circumstances will you use this data to (a) allow, enable, or otherwise support the transmission by e-mail, telephone, or facsimile of mass unsolicited, commercial advertising or solicitations to entities other than the data recipient's own existing customers; or (b) enable high volume, automated, electronic processes that send queries or data to the systems of Registry Operator, a Registrar, or Identity Digital except as reasonably necessary to register domain names or modify existing re"
german,2026-08-06 16:36:20,SIMILARDOMAIN_WHOIS,sfp_whois,ww88.media,0,"TLD is not supported.
>>> Last update of WHOIS database: 2026-08-06T16:36:20Z <<<

Terms of Use: Access to WHOIS information is provided to assist persons in determining the contents of a domain name registration record in the registry database. The data in this record is provided by Identity Digital or the Registry Operator for informational purposes only, and accuracy is not guaranteed. This service is intended only for query-based access. You agree that you will use this data only for lawful purposes and that, under no circumstances will you use this data to (a) allow, enable, or otherwise support the transmission by e-mail, telephone, or facsimile of mass unsolicited, commercial advertising or solicitations to entities other than the data recipient's own existing customers; or (b) enable high volume, automated, electronic processes that send queries or data to the systems of Registry Operator, a Registrar, or Identity Digital except as reasonably necessary to register domain names or modify existing re"
german,2026-08-06 16:36:56,SIMILARDOMAIN_WHOIS,sfp_whois,ww88.ninja,0,"TLD is not supported.
>>> Last update of WHOIS database: 2026-08-06T16:36:55Z <<<

Terms of Use: Access to WHOIS information is provided to assist persons in determining the contents of a domain name registration record in the registry database. The data in this record is provided by Identity Digital or the Registry Operator for informational purposes only, and accuracy is not guaranteed. This service is intended only for query-based access. You agree that you will use this data only for lawful purposes and that, under no circumstances will you use this data to (a) allow, enable, or otherwise support the transmission by e-mail, telephone, or facsimile of mass unsolicited, commercial advertising or solicitations to entities other than the data recipient's own existing customers; or (b) enable high volume, automated, electronic processes that send queries or data to the systems of Registry Operator, a Registrar, or Identity Digital except as reasonably necessary to register domain names or modify existing re"
german,2026-08-06 16:37:46,SIMILARDOMAIN_WHOIS,sfp_whois,ww88.photography,0,"TLD is not supported.
>>> Last update of WHOIS database: 2026-08-06T16:37:45Z <<<

Terms of Use: Access to WHOIS information is provided to assist persons in determining the contents of a domain name registration record in the registry database. The data in this record is provided by Identity Digital or the Registry Operator for informational purposes only, and accuracy is not guaranteed. This service is intended only for query-based access. You agree that you will use this data only for lawful purposes and that, under no circumstances will you use this data to (a) allow, enable, or otherwise support the transmission by e-mail, telephone, or facsimile of mass unsolicited, commercial advertising or solicitations to entities other than the data recipient's own existing customers; or (b) enable high volume, automated, electronic processes that send queries or data to the systems of Registry Operator, a Registrar, or Identity Digital except as reasonably necessary to register domain names or modify existing re"
german,2026-08-06 16:37:54,SIMILARDOMAIN_WHOIS,sfp_whois,ww88.productions,0,"TLD is not supported.
>>> Last update of WHOIS database: 2026-08-06T16:37:53Z <<<

Terms of Use: Access to WHOIS information is provided to assist persons in determining the contents of a domain name registration record in the registry database. The data in this record is provided by Identity Digital or the Registry Operator for informational purposes only, and accuracy is not guaranteed. This service is intended only for query-based access. You agree that you will use this data only for lawful purposes and that, under no circumstances will you use this data to (a) allow, enable, or otherwise support the transmission by e-mail, telephone, or facsimile of mass unsolicited, commercial advertising or solicitations to entities other than the data recipient's own existing customers; or (b) enable high volume, automated, electronic processes that send queries or data to the systems of Registry Operator, a Registrar, or Identity Digital except as reasonably necessary to register domain names or modify existing re"
german,2026-08-06 16:38:11,SIMILARDOMAIN_WHOIS,sfp_whois,ww88.recipes,0,"TLD is not supported.
>>> Last update of WHOIS database: 2026-08-06T16:38:10Z <<<

Terms of Use: Access to WHOIS information is provided to assist persons in determining the contents of a domain name registration record in the registry database. The data in this record is provided by Identity Digital or the Registry Operator for informational purposes only, and accuracy is not guaranteed. This service is intended only for query-based access. You agree that you will use this data only for lawful purposes and that, under no circumstances will you use this data to (a) allow, enable, or otherwise support the transmission by e-mail, telephone, or facsimile of mass unsolicited, commercial advertising or solicitations to entities other than the data recipient's own existing customers; or (b) enable high volume, automated, electronic processes that send queries or data to the systems of Registry Operator, a Registrar, or Identity Digital except as reasonably necessary to register domain names or modify existing re"
german,2026-08-06 16:38:15,SIMILARDOMAIN_WHOIS,sfp_whois,ww88.report,0,"TLD is not supported.
>>> Last update of WHOIS database: 2026-08-06T16:38:14Z <<<

Terms of Use: Access to WHOIS information is provided to assist persons in determining the contents of a domain name registration record in the registry database. The data in this record is provided by Identity Digital or the Registry Operator for informational purposes only, and accuracy is not guaranteed. This service is intended only for query-based access. You agree that you will use this data only for lawful purposes and that, under no circumstances will you use this data to (a) allow, enable, or otherwise support the transmission by e-mail, telephone, or facsimile of mass unsolicited, commercial advertising or solicitations to entities other than the data recipient's own existing customers; or (b) enable high volume, automated, electronic processes that send queries or data to the systems of Registry Operator, a Registrar, or Identity Digital except as reasonably necessary to register domain names or modify existing re"
german,2026-08-06 16:38:16,SIMILARDOMAIN_WHOIS,sfp_whois,ww88.rocks,0,"TLD is not supported.
>>> Last update of WHOIS database: 2026-08-06T16:38:16Z <<<

Terms of Use: Access to WHOIS information is provided to assist persons in determining the contents of a domain name registration record in the registry database. The data in this record is provided by Identity Digital or the Registry Operator for informational purposes only, and accuracy is not guaranteed. This service is intended only for query-based access. You agree that you will use this data only for lawful purposes and that, under no circumstances will you use this data to (a) allow, enable, or otherwise support the transmission by e-mail, telephone, or facsimile of mass unsolicited, commercial advertising or solicitations to entities other than the data recipient's own existing customers; or (b) enable high volume, automated, electronic processes that send queries or data to the systems of Registry Operator, a Registrar, or Identity Digital except as reasonably necessary to register domain names or modify existing re"
german,2026-08-06 16:38:21,SIMILARDOMAIN_WHOIS,sfp_whois,ww88.services,0,"TLD is not supported.
>>> Last update of WHOIS database: 2026-08-06T16:38:21Z <<<

Terms of Use: Access to WHOIS information is provided to assist persons in determining the contents of a domain name registration record in the registry database. The data in this record is provided by Identity Digital or the Registry Operator for informational purposes only, and accuracy is not guaranteed. This service is intended only for query-based access. You agree that you will use this data only for lawful purposes and that, under no circumstances will you use this data to (a) allow, enable, or otherwise support the transmission by e-mail, telephone, or facsimile of mass unsolicited, commercial advertising or solicitations to entities other than the data recipient's own existing customers; or (b) enable high volume, automated, electronic processes that send queries or data to the systems of Registry Operator, a Registrar, or Identity Digital except as reasonably necessary to register domain names or modify existing re"
german,2026-08-06 16:38:23,SIMILARDOMAIN_WHOIS,sfp_whois,ww88.shoes,0,"TLD is not supported.
>>> Last update of WHOIS database: 2026-08-06T16:38:23Z <<<

Terms of Use: Access to WHOIS information is provided to assist persons in determining the contents of a domain name registration record in the registry database. The data in this record is provided by Identity Digital or the Registry Operator for informational purposes only, and accuracy is not guaranteed. This service is intended only for query-based access. You agree that you will use this data only for lawful purposes and that, under no circumstances will you use this data to (a) allow, enable, or otherwise support the transmission by e-mail, telephone, or facsimile of mass unsolicited, commercial advertising or solicitations to entities other than the data recipient's own existing customers; or (b) enable high volume, automated, electronic processes that send queries or data to the systems of Registry Operator, a Registrar, or Identity Digital except as reasonably necessary to register domain names or modify existing re"
german,2026-08-06 16:38:29,SIMILARDOMAIN_WHOIS,sfp_whois,ww88.solutions,0,"TLD is not supported.
>>> Last update of WHOIS database: 2026-08-06T16:38:28Z <<<

Terms of Use: Access to WHOIS information is provided to assist persons in determining the contents of a domain name registration record in the registry database. The data in this record is provided by Identity Digital or the Registry Operator for informational purposes only, and accuracy is not guaranteed. This service is intended only for query-based access. You agree that you will use this data only for lawful purposes and that, under no circumstances will you use this data to (a) allow, enable, or otherwise support the transmission by e-mail, telephone, or facsimile of mass unsolicited, commercial advertising or solicitations to entities other than the data recipient's own existing customers; or (b) enable high volume, automated, electronic processes that send queries or data to the systems of Registry Operator, a Registrar, or Identity Digital except as reasonably necessary to register domain names or modify existing re"
german,2026-08-06 16:38:41,SIMILARDOMAIN_WHOIS,sfp_whois,ww88.supply,0,"TLD is not supported.
>>> Last update of WHOIS database: 2026-08-06T16:38:41Z <<<

Terms of Use: Access to WHOIS information is provided to assist persons in determining the contents of a domain name registration record in the registry database. The data in this record is provided by Identity Digital or the Registry Operator for informational purposes only, and accuracy is not guaranteed. This service is intended only for query-based access. You agree that you will use this data only for lawful purposes and that, under no circumstances will you use this data to (a) allow, enable, or otherwise support the transmission by e-mail, telephone, or facsimile of mass unsolicited, commercial advertising or solicitations to entities other than the data recipient's own existing customers; or (b) enable high volume, automated, electronic processes that send queries or data to the systems of Registry Operator, a Registrar, or Identity Digital except as reasonably necessary to register domain names or modify existing re"
german,2026-08-06 16:38:47,SIMILARDOMAIN_WHOIS,sfp_whois,ww88.supplies,0,"TLD is not supported.
>>> Last update of WHOIS database: 2026-08-06T16:38:46Z <<<

Terms of Use: Access to WHOIS information is provided to assist persons in determining the contents of a domain name registration record in the registry database. The data in this record is provided by Identity Digital or the Registry Operator for informational purposes only, and accuracy is not guaranteed. This service is intended only for query-based access. You agree that you will use this data only for lawful purposes and that, under no circumstances will you use this data to (a) allow, enable, or otherwise support the transmission by e-mail, telephone, or facsimile of mass unsolicited, commercial advertising or solicitations to entities other than the data recipient's own existing customers; or (b) enable high volume, automated, electronic processes that send queries or data to the systems of Registry Operator, a Registrar, or Identity Digital except as reasonably necessary to register domain names or modify existing re"
german,2026-08-06 16:39:05,SIMILARDOMAIN_WHOIS,sfp_whois,ww88.toys,0,"TLD is not supported.
>>> Last update of WHOIS database: 2026-08-06T16:39:04Z <<<

Terms of Use: Access to WHOIS information is provided to assist persons in determining the contents of a domain name registration record in the registry database. The data in this record is provided by Identity Digital or the Registry Operator for informational purposes only, and accuracy is not guaranteed. This service is intended only for query-based access. You agree that you will use this data only for lawful purposes and that, under no circumstances will you use this data to (a) allow, enable, or otherwise support the transmission by e-mail, telephone, or facsimile of mass unsolicited, commercial advertising or solicitations to entities other than the data recipient's own existing customers; or (b) enable high volume, automated, electronic processes that send queries or data to the systems of Registry Operator, a Registrar, or Identity Digital except as reasonably necessary to register domain names or modify existing re"
german,2026-08-06 16:39:12,SIMILARDOMAIN_WHOIS,sfp_whois,ww88.ventures,0,"TLD is not supported.
>>> Last update of WHOIS database: 2026-08-06T16:39:11Z <<<

Terms of Use: Access to WHOIS information is provided to assist persons in determining the contents of a domain name registration record in the registry database. The data in this record is provided by Identity Digital or the Registry Operator for informational purposes only, and accuracy is not guaranteed. This service is intended only for query-based access. You agree that you will use this data only for lawful purposes and that, under no circumstances will you use this data to (a) allow, enable, or otherwise support the transmission by e-mail, telephone, or facsimile of mass unsolicited, commercial advertising or solicitations to entities other than the data recipient's own existing customers; or (b) enable high volume, automated, electronic processes that send queries or data to the systems of Registry Operator, a Registrar, or Identity Digital except as reasonably necessary to register domain names or modify existing re"
german,2026-08-06 16:39:21,SIMILARDOMAIN_WHOIS,sfp_whois,ww88.voyage,0,"TLD is not supported.
>>> Last update of WHOIS database: 2026-08-06T16:39:21Z <<<

Terms of Use: Access to WHOIS information is provided to assist persons in determining the contents of a domain name registration record in the registry database. The data in this record is provided by Identity Digital or the Registry Operator for informational purposes only, and accuracy is not guaranteed. This service is intended only for query-based access. You agree that you will use this data only for lawful purposes and that, under no circumstances will you use this data to (a) allow, enable, or otherwise support the transmission by e-mail, telephone, or facsimile of mass unsolicited, commercial advertising or solicitations to entities other than the data recipient's own existing customers; or (b) enable high volume, automated, electronic processes that send queries or data to the systems of Registry Operator, a Registrar, or Identity Digital except as reasonably necessary to register domain names or modify existing re"
german,2026-08-06 16:39:23,SIMILARDOMAIN_WHOIS,sfp_whois,ww88.vote,0,"TLD is not supported.
>>> Last update of WHOIS database: 2026-08-06T16:39:22Z <<<

Terms of Use: Access to WHOIS information is provided to assist persons in determining the contents of a domain name registration record in the registry database. The data in this record is provided by Identity Digital or the Registry Operator for informational purposes only, and accuracy is not guaranteed. This service is intended only for query-based access. You agree that you will use this data only for lawful purposes and that, under no circumstances will you use this data to (a) allow, enable, or otherwise support the transmission by e-mail, telephone, or facsimile of mass unsolicited, commercial advertising or solicitations to entities other than the data recipient's own existing customers; or (b) enable high volume, automated, electronic processes that send queries or data to the systems of Registry Operator, a Registrar, or Identity Digital except as reasonably necessary to register domain names or modify existing re"
german,2026-08-06 16:39:47,SIMILARDOMAIN_WHOIS,sfp_whois,ww88.wtf,0,"TLD is not supported.
>>> Last update of WHOIS database: 2026-08-06T16:39:46Z <<<

Terms of Use: Access to WHOIS information is provided to assist persons in determining the contents of a domain name registration record in the registry database. The data in this record is provided by Identity Digital or the Registry Operator for informational purposes only, and accuracy is not guaranteed. This service is intended only for query-based access. You agree that you will use this data only for lawful purposes and that, under no circumstances will you use this data to (a) allow, enable, or otherwise support the transmission by e-mail, telephone, or facsimile of mass unsolicited, commercial advertising or solicitations to entities other than the data recipient's own existing customers; or (b) enable high volume, automated, electronic processes that send queries or data to the systems of Registry Operator, a Registrar, or Identity Digital except as reasonably necessary to register domain names or modify existing re"
german,2026-08-06 15:57:44,AFFILIATE_DESCRIPTION_CATEGORY,sfp_duckduckgo,kevin.ns.cloudflare.com,0,Technology companies based in the San Francisco Bay Area
german,2026-08-06 16:00:37,COUNTRY_NAME,sfp_countryname,+16613102107,0,United States
german,2026-08-06 15:59:57,COUNTRY_NAME,sfp_countryname,cloudflare.com,0,United States
german,2026-08-06 16:09:33,COUNTRY_NAME,sfp_countryname,mymediavev.com,0,United States
german,2026-08-06 16:00:45,COUNTRY_NAME,sfp_countryname,+19854014545,0,United States
german,2026-08-06 16:25:21,SIMILARDOMAIN_WHOIS,sfp_whois,ww88.st,0,"Whois Server Version 3.3.2

Domain Name: ww88.st
Registrar: Dynadot
Name Server: meilani.ns.cloudflare.com
Name Server: vicky.ns.cloudflare.com
Status: clientTransferProhibited, serverTransferProhibited
Updated Date: 2026-06-13
Creation Date: 2026-06-10
Expiration Date: 2027-06-10

>>> Last update of whois database: 2026-08-06T16:25:21Z <<<

The data in the WHOIS database is protected by copyright.

By submitting a WHOIS query, you agree that you will use this data only for lawful purposes according with the terms and policy that is publicly available on https://www.nic.st/terms-of-service and that, under no circumstances will you use this data to allow, enable, or otherwise support the transmission of mass unsolicited, commercial advertising or solicitations via direct mail, electronic mail, or by telephone; in contravention of any applicable data and privacy protection laws; or to enable high volume, automated, electronic processes that apply to the registry (or its systems).
Compilation, repackaging, disse"
german,2026-08-06 16:13:16,SIMILARDOMAIN_WHOIS,sfp_whois,ww88.jp,0,"[ JPRS database provides information on network administration. Its use is    ]
[ restricted to network administration purposes. For further information,     ]
[ use 'whois -h whois.jprs.jp help'. To suppress Japanese output, add'/e'     ]
[ at the end of command, e.g. 'whois -h whois.jprs.jp xxx/e'.                 ]
Domain Information: [ドメイン情報]
[Domain Name]                   WW88.JP

[登録者名]                      荒木 雅久
[Registrant]                    ARAKI MASAHISA

[Name Server]                   ns1.dns.ne.jp
[Name Server]                   ns2.dns.ne.jp
[Signing Key]                   

[登録年月日]                    2010/07/30
[有効期限]                      2027/07/31
[状態]                          Active
[最終更新]                      2026/08/01 01:05:04 (JST)

Contact Information: [公開連絡窓口]
[名前]                          さくらインターネット株式会社
[Name]                          SAKURA internet Inc.
[Email]                         nic-staff@sakura.ad.jp
[Web Page]                       
[郵便番号]          "
german,2026-08-06 16:20:55,SIMILARDOMAIN_WHOIS,sfp_whois,ww88.lv,0,"[Domain]
Domain: ww88.lv
Status: active

[Holder]
Type: Natural person
Country: BG
Visit: https://www.nic.lv/whois/contact/ww88.lv to contact.

[Tech]
Type: Natural person
Visit: https://www.nic.lv/whois/contact/ww88.lv to contact.

[Registrar]
Type: Legal person
Name: Hosting Concepts bv
Address: Spaces Business Centre, Hofplein 20, Rotterdam, 3032 AC, Netherlands
RegNr: 24277249
Visit: https://www.nic.lv/whois/contact/ww88.lv to contact.

[Nservers]
Nserver: ns1.parkingcrew.net
Nserver: ns2.parkingcrew.net

[Whois]
Updated: 2026-08-06T11:12:36.915761+00:00

[Disclaimer]
% The WHOIS service is provided solely for informational purposes.
%
% It is permitted to use the WHOIS service only for technical or administrative
% needs associated with the operation of the Internet or in order to contact
% the domain name holder over legal problems.
%
% Requestor will not use information obtained using WHOIS:
% * To allow, enable or in any other way to support sending of unsolicited mails (spam)
% * for any kind of adve"
german,2026-08-06 16:39:12,AFFILIATE_EMAILADDR,sfp_email,"Domain Name: ww88.tube
Registry Domain ID: Dtysb16537-TUBE
Registrar WHOIS Server: whois.namecheap.com
Registrar URL: http://www.namecheap.com
Updated Date: 2026-08-04T12:08:51.234Z
Creation Date: 2026-08-04T12:08:45.270Z
Registry Expiry Date: 2027-08-04T12:08:45.270Z
Registrar Registration Expiration Date: 
Registrar: NameCheap, Inc.
Registrar IANA ID: 1068
Registrar Abuse Contact Email: abuse@namecheap.com
Registrar Abuse Contact Phone: +1.6027723958
Reseller: 
Domain Status: clientTransferProhibited https://icann.org/epp#clientTransferProhibited
Domain Status: serverTransferProhibited https://icann.org/epp#serverTransferProhibited
Domain Status: addPeriod https://icann.org/epp#addPeriod
Registry Registrant ID: REDACTED FOR PRIVACY
Registrant Name: REDACTED FOR PRIVACY
Registrant Organization: Privacy service provided by Withheld for Privacy ehf
Registrant Street: REDACTED FOR PRIVACY
Registrant City: REDACTED FOR PRIVACY
Registrant State/Province: Capital Region
Registrant Postal Code",0,a058564e39474bfb9ea7d6e5f6789a4b.protect@withheldforprivacy.com
german,2026-08-06 16:46:37,AFFILIATE_EMAILADDR,sfp_email,"Domain Name: thingdust.io
Registry Domain ID: REDACTED
Registrar WHOIS Server: whois.gandi.net
Registrar URL: https://www.gandi.net
Updated Date: 2025-08-16T21:20:03Z
Creation Date: 2016-09-11T19:16:21Z
Registry Expiry Date: 2026-09-11T19:16:21Z
Registrar: Gandi SAS
Registrar IANA ID: 81
Registrar Abuse Contact Email: abuse@support.gandi.net
Registrar Abuse Contact Phone: +33.170377661
Domain Status: ok https://icann.org/epp#ok
Registry Registrant ID: REDACTED
Registrant Name: REDACTED
Registrant Organization: thingdust
Registrant Street: REDACTED
Registrant City: REDACTED
Registrant State/Province: 
Registrant Postal Code: REDACTED
Registrant Country: CH
Registrant Phone: REDACTED
Registrant Phone Ext: REDACTED
Registrant Fax: REDACTED
Registrant Fax Ext: REDACTED
Registrant Email: REDACTED
Registry Admin ID: REDACTED
Admin Name: REDACTED
Admin Organization: REDACTED
Admin Street: REDACTED
Admin City: REDACTED
Admin State/Province: REDACTED
Admin Postal Code: REDACTED
Admin Co",0,a381cb5f3951ff14ca45027adc20a90c-5282136@contact.gandi.net
german,2026-08-06 16:46:39,AFFILIATE_EMAILADDR,sfp_email,"Domain Name: thingdust.io
Registry Domain ID: REDACTED
Registrar WHOIS Server: whois.gandi.net
Registrar URL: https://www.gandi.net
Updated Date: 2025-08-16T21:20:03Z
Creation Date: 2016-09-11T19:16:21Z
Registry Expiry Date: 2026-09-11T19:16:21Z
Registrar: Gandi SAS
Registrar IANA ID: 81
Registrar Abuse Contact Email: abuse@support.gandi.net
Registrar Abuse Contact Phone: +33.170377661
Domain Status: ok https://icann.org/epp#ok
Registry Registrant ID: REDACTED
Registrant Name: REDACTED
Registrant Organization: thingdust
Registrant Street: REDACTED
Registrant City: REDACTED
Registrant State/Province: 
Registrant Postal Code: REDACTED
Registrant Country: CH
Registrant Phone: REDACTED
Registrant Phone Ext: REDACTED
Registrant Fax: REDACTED
Registrant Fax Ext: REDACTED
Registrant Email: REDACTED
Registry Admin ID: REDACTED
Admin Name: REDACTED
Admin Organization: REDACTED
Admin Street: REDACTED
Admin City: REDACTED
Admin State/Province: REDACTED
Admin Postal Code: REDACTED
Admin Co",0,a381cb5f3951ff14ca45027adc20a90c-5282136@contact.gandi.net
german,2026-08-06 16:46:38,AFFILIATE_EMAILADDR,sfp_email,"Domain Name: thingdust.io
Registry Domain ID: REDACTED
Registrar WHOIS Server: whois.gandi.net
Registrar URL: https://www.gandi.net
Updated Date: 2025-08-16T21:20:03Z
Creation Date: 2016-09-11T19:16:21Z
Registry Expiry Date: 2026-09-11T19:16:21Z
Registrar: Gandi SAS
Registrar IANA ID: 81
Registrar Abuse Contact Email: abuse@support.gandi.net
Registrar Abuse Contact Phone: +33.170377661
Domain Status: ok https://icann.org/epp#ok
Registry Registrant ID: REDACTED
Registrant Name: REDACTED
Registrant Organization: thingdust
Registrant Street: REDACTED
Registrant City: REDACTED
Registrant State/Province: 
Registrant Postal Code: REDACTED
Registrant Country: CH
Registrant Phone: REDACTED
Registrant Phone Ext: REDACTED
Registrant Fax: REDACTED
Registrant Fax Ext: REDACTED
Registrant Email: REDACTED
Registry Admin ID: REDACTED
Admin Name: REDACTED
Admin Organization: REDACTED
Admin Street: REDACTED
Admin City: REDACTED
Admin State/Province: REDACTED
Admin Postal Code: REDACTED
Admin Co",0,a381cb5f3951ff14ca45027adc20a90c-5282136@contact.gandi.net
german,2026-08-06 16:36:41,AFFILIATE_EMAILADDR,sfp_email,"Domain Name: ww88.men
Registry Domain ID: REDACTED FOR PRIVACY
Registrar WHOIS Server: whois-service.virtualcloud.co
Registrar URL: http://sav.com
Updated Date: 2025-11-24T12:10:34Z
Creation Date: 2025-09-25T12:10:33Z
Registry Expiry Date: 2026-09-25T12:10:33Z
Registrar: Sav.com LLC
Registrar IANA ID: 609
Registrar Abuse Contact Email: abuse-contact@sav.com
Registrar Abuse Contact Phone: +1.2132205715
Domain Status: clientTransferProhibited https://icann.org/epp#clientTransferProhibited
Registry Registrant ID: REDACTED FOR PRIVACY
Registrant Name: REDACTED FOR PRIVACY
Registrant Organization: REDACTED FOR PRIVACY
Registrant Street: REDACTED FOR PRIVACY
Registrant Street: REDACTED FOR PRIVACY
Registrant Street: REDACTED FOR PRIVACY
Registrant City: REDACTED FOR PRIVACY
Registrant State/Province: IL
Registrant Postal Code: REDACTED FOR PRIVACY
Registrant Country: US
Registrant Phone: REDACTED FOR PRIVACY
Registrant Phone Ext: REDACTED FOR PRIVACY
Registrant Fax: REDACTED FOR PRIVACY
Reg",0,abuse-contact@sav.com
german,2026-08-06 16:35:57,AFFILIATE_EMAILADDR,sfp_email,"Domain Name: ww88.loan
Registry Domain ID: REDACTED FOR PRIVACY
Registrar WHOIS Server: whois-service.virtualcloud.co
Registrar URL: http://sav.com
Updated Date: 2025-10-10T13:41:25Z
Creation Date: 2025-08-11T13:41:24Z
Registry Expiry Date: 2026-08-11T13:41:24Z
Registrar: Sav.com LLC
Registrar IANA ID: 609
Registrar Abuse Contact Email: abuse-contact@sav.com
Registrar Abuse Contact Phone: +1.2132205715
Domain Status: clientTransferProhibited https://icann.org/epp#clientTransferProhibited
Registry Registrant ID: REDACTED FOR PRIVACY
Registrant Name: REDACTED FOR PRIVACY
Registrant Organization: REDACTED FOR PRIVACY
Registrant Street: REDACTED FOR PRIVACY
Registrant Street: REDACTED FOR PRIVACY
Registrant Street: REDACTED FOR PRIVACY
Registrant City: REDACTED FOR PRIVACY
Registrant State/Province: IL
Registrant Postal Code: REDACTED FOR PRIVACY
Registrant Country: US
Registrant Phone: REDACTED FOR PRIVACY
Registrant Phone Ext: REDACTED FOR PRIVACY
Registrant Fax: REDACTED FOR PRIVACY
Re",0,abuse-contact@sav.com
german,2026-08-06 16:37:41,AFFILIATE_EMAILADDR,sfp_email,"Domain Name: ww88.party
Registry Domain ID: REDACTED FOR PRIVACY
Registrar WHOIS Server: whois-service.virtualcloud.co
Registrar URL: http://sav.com
Updated Date: 2025-11-12T07:38:39Z
Creation Date: 2025-09-13T07:38:39Z
Registry Expiry Date: 2026-09-13T07:38:39Z
Registrar: Sav.com LLC
Registrar IANA ID: 609
Registrar Abuse Contact Email: abuse-contact@sav.com
Registrar Abuse Contact Phone: +1.2132205715
Domain Status: clientTransferProhibited https://icann.org/epp#clientTransferProhibited
Registry Registrant ID: REDACTED FOR PRIVACY
Registrant Name: REDACTED FOR PRIVACY
Registrant Organization: REDACTED FOR PRIVACY
Registrant Street: REDACTED FOR PRIVACY
Registrant Street: REDACTED FOR PRIVACY
Registrant Street: REDACTED FOR PRIVACY
Registrant City: REDACTED FOR PRIVACY
Registrant State/Province: IL
Registrant Postal Code: REDACTED FOR PRIVACY
Registrant Country: US
Registrant Phone: REDACTED FOR PRIVACY
Registrant Phone Ext: REDACTED FOR PRIVACY
Registrant Fax: REDACTED FOR PRIVACY
R",0,abuse-contact@sav.com
german,2026-08-06 16:05:02,AFFILIATE_EMAILADDR,sfp_email,"   Domain Name: WW88.CC
   Registry Domain ID: 110080503_DOMAIN_CC-VRSN
   Registrar WHOIS Server: whois.22.cn
   Registrar URL: http://www.22.cn
   Updated Date: 2026-05-14T11:54:49Z
   Creation Date: 2014-10-01T08:30:30Z
   Registry Expiry Date: 2026-10-01T08:30:30Z
   Registrar: 22net, Inc.
   Registrar IANA ID: 1555
   Registrar Abuse Contact Email: abuse@22.cn
   Registrar Abuse Contact Phone: +86.571.88276020
   Domain Status: clientTransferProhibited https://icann.org/epp#clientTransferProhibited
   Name Server: NS1.AFTERNIC.COM
   Name Server: NS2.AFTERNIC.COM
   DNSSEC: unsigned
   URL of the ICANN Whois Inaccuracy Complaint Form: https://www.icann.org/wicf/
>>> Last update of WHOIS database: 2026-08-06T16:04:01Z <<<

For more information on Whois status codes, please visit https://icann.org/epp

NOTICE: The expiration date displayed in this record is the date the
registrar's sponsorship of the domain name registration in the registry is
currently set to expire. This date does n",0,abuse@22.cn
german,2026-08-06 16:08:49,AFFILIATE_EMAILADDR,sfp_email,"{'address': '101 Townsend Street', 'as_name': 'AS13335 Cloudflare, Inc.', 'as_number': '13335', 'asn_cidr': '108.162.193.0/24', 'asn_country_code': 'US', 'asn_date': '2011-10-28 00:00:00', 'asn_registry': 'arin', 'blacklist': [{'count': 1, 'description': 'Mail Spammer', 'first_seen': '2024-04-05 14:25:22', 'last_seen': '2024-04-05 14:25:22', 'source': 'Abuseat.org'}, {'count': 1, 'description': 'Matched whitelist source: Cloudflare', 'first_seen': '2026-07-19 17:15:47', 'labels': ['benign'], 'last_seen': '2026-07-19 17:15:47', 'source': 'Maltiverse'}], 'cidr': ['108.162.192.0/18'], 'city': 'San Francisco', 'classification': 'whitelist', 'country_code': 'US', 'creation_time': '2024-04-05 14:25:20', 'email': ['noc@cloudflare.com', 'abuse@cloudflare.com', 'rir@cloudflare.com'], 'ip_addr': '108.162.193.191', 'ip_version': 4, 'is_cdn': True, 'is_cnc': False, 'is_distributing_malware': False, 'is_hosting': True, 'is_iot_threat': False, 'is_known_attacker': False, 'is_known_scanner': False, 'is_mining_pool': False, ",0,abuse@cloudflare.com
german,2026-08-06 16:03:28,AFFILIATE_EMAILADDR,sfp_email,"{'address': '101 Townsend Street', 'as_name': 'AS13335 Cloudflare, Inc.', 'as_number': '13335', 'asn_cidr': '173.245.59.0/24', 'asn_country_code': 'US', 'asn_date': '2010-12-28 00:00:00', 'asn_registry': 'arin', 'blacklist': [{'count': 1, 'description': 'Mail Spammer', 'first_seen': '2024-04-05 14:25:34', 'last_seen': '2024-04-05 14:25:34', 'source': 'Abuseat.org'}, {'count': 1, 'description': 'Matched whitelist source: Cloudflare', 'first_seen': '2026-07-19 17:17:14', 'labels': ['benign'], 'last_seen': '2026-07-19 17:17:14', 'source': 'Maltiverse'}], 'cidr': ['173.245.48.0/20'], 'city': 'San Francisco', 'classification': 'whitelist', 'country_code': 'US', 'creation_time': '2024-04-05 14:25:32', 'email': ['noc@cloudflare.com', 'abuse@cloudflare.com', 'rir@cloudflare.com'], 'ip_addr': '173.245.59.191', 'ip_version': 4, 'is_cdn': True, 'is_cnc': False, 'is_distributing_malware': False, 'is_hosting': True, 'is_iot_threat': False, 'is_known_attacker': False, 'is_known_scanner': False, 'is_mining_pool': False, 'is",0,abuse@cloudflare.com
german,2026-08-06 16:04:40,AFFILIATE_EMAILADDR,sfp_email,"{'address': '101 Townsend Street', 'as_name': 'AS13335 Cloudflare, Inc.', 'as_number': '13335', 'asn_cidr': '172.64.33.0/24', 'asn_country_code': 'US', 'asn_date': '2015-02-25 00:00:00', 'asn_registry': 'arin', 'blacklist': [{'count': 1, 'description': 'Mail Spammer', 'first_seen': '2024-04-05 16:20:06', 'last_seen': '2024-04-05 16:20:06', 'source': 'Abuseat.org'}, {'count': 1, 'description': 'Matched whitelist source: Cloudflare', 'first_seen': '2026-07-19 01:18:44', 'labels': ['benign'], 'last_seen': '2026-07-19 01:18:44', 'source': 'Maltiverse'}], 'cidr': ['172.64.0.0/13'], 'city': 'San Francisco', 'classification': 'whitelist', 'country_code': 'US', 'creation_time': '2024-04-05 16:20:04', 'email': ['noc@cloudflare.com', 'abuse@cloudflare.com', 'rir@cloudflare.com'], 'ip_addr': '172.64.33.191', 'ip_version': 4, 'is_cdn': True, 'is_cnc': False, 'is_distributing_malware': False, 'is_hosting': True, 'is_iot_threat': False, 'is_known_attacker': False, 'is_known_scanner': False, 'is_mining_pool': False, 'is_ope",0,abuse@cloudflare.com
german,2026-08-06 16:46:44,AFFILIATE_EMAILADDR,sfp_email,"   Domain Name: IT.COM
   Registry Domain ID: 3405795_DOMAIN_COM-VRSN
   Registrar WHOIS Server: whois.dnsale.com
   Registrar URL: http://dnsale.com
   Updated Date: 2025-12-02T20:37:22Z
   Creation Date: 1992-10-23T04:00:00Z
   Registry Expiry Date: 2035-10-22T04:00:00Z
   Registrar: Intis Telecom Limited
   Registrar IANA ID: 4030
   Registrar Abuse Contact Email: abuse@dnsale.com
   Registrar Abuse Contact Phone: +442035146677
   Domain Status: clientDeleteProhibited https://icann.org/epp#clientDeleteProhibited
   Domain Status: clientTransferProhibited https://icann.org/epp#clientTransferProhibited
   Name Server: NS1.IT.COM
   Name Server: NS2.IT.COM
   Name Server: NS3.IT.COM
   DNSSEC: signedDelegation
   DNSSEC DS Data: 2371 13 2 784858FE0FB562DF1A0EC94FED2075E60A237DE9C9EA75EB5B53D95208CBABEC
   URL of the ICANN Whois Inaccuracy Complaint Form: https://www.icann.org/wicf/
>>> Last update of whois database: 2026-08-06T16:46:28Z <<<

For more information on Whois status codes, ple",0,abuse@dnsale.com
german,2026-08-06 16:33:05,AFFILIATE_EMAILADDR,sfp_email,"Domain Name: ww88.cooking
Registry Domain ID: REDACTED FOR PRIVACY
Registrar WHOIS Server: whois.dynadot.com
Registrar URL: https://www.dynadot.com/
Updated Date: 2025-12-26T02:49:46Z
Creation Date: 2025-02-06T07:44:37Z
Registry Expiry Date: 2027-02-06T07:44:37Z
Registrar: Dynadot Inc
Registrar IANA ID: 472
Registrar Abuse Contact Email: abuse@dynadot.com
Registrar Abuse Contact Phone: +1.6502620100
Domain Status: clientTransferProhibited https://icann.org/epp#clientTransferProhibited
Registry Registrant ID: REDACTED FOR PRIVACY
Registrant Name: REDACTED FOR PRIVACY
Registrant Organization: Super Privacy Service LTD c/o Dynadot
Registrant Street: REDACTED FOR PRIVACY
Registrant Street: REDACTED FOR PRIVACY
Registrant Street: REDACTED FOR PRIVACY
Registrant City: REDACTED FOR PRIVACY
Registrant State/Province: California
Registrant Postal Code: REDACTED FOR PRIVACY
Registrant Country: US
Registrant Phone: REDACTED FOR PRIVACY
Registrant Phone Ext: REDACTED FOR PRIVACY
Registrant Fax: RE",0,abuse@dynadot.com
german,2026-08-06 16:01:13,AFFILIATE_EMAILADDR,sfp_email,"Domain Name: ww88.biz
Registry Domain ID: REDACTED FOR PRIVACY
Registrar WHOIS Server: whois.dynadot.com
Registrar URL: https://www.dynadot.com/
Updated Date: 2025-11-01T14:05:01Z
Creation Date: 2023-11-04T00:07:41Z
Registry Expiry Date: 2026-11-04T00:07:41Z
Registrar: Dynadot Inc
Registrar IANA ID: 472
Registrar Abuse Contact Email: abuse@dynadot.com
Registrar Abuse Contact Phone: +1.6502620100
Domain Status: clientTransferProhibited https://icann.org/epp#clientTransferProhibited
Registry Registrant ID: REDACTED FOR PRIVACY
Registrant Name: REDACTED FOR PRIVACY
Registrant Organization: Super Privacy Service LTD c/o Dynadot
Registrant Street: REDACTED FOR PRIVACY
Registrant Street: REDACTED FOR PRIVACY
Registrant Street: REDACTED FOR PRIVACY
Registrant City: REDACTED FOR PRIVACY
Registrant State/Province: California
Registrant Postal Code: REDACTED FOR PRIVACY
Registrant Country: US
Registrant Phone: REDACTED FOR PRIVACY
Registrant Phone Ext: REDACTED FOR PRIVACY
Registrant Fax: REDACT",0,abuse@dynadot.com
german,2026-08-06 16:36:00,AFFILIATE_EMAILADDR,sfp_email,"Domain Name: WW88.LONDON
Registry Domain ID: D489626190-CNIC
Registrar WHOIS Server: whois.dynadot.com
Registrar URL: http://www.dynadot.com
Updated Date: 2025-10-17T23:02:37.0Z
Creation Date: 2024-09-29T07:16:06.0Z
Registry Expiry Date: 2026-09-29T23:59:59.0Z
Registrar: Dynadot Inc
Registrar IANA ID: 472
Domain Status: clientTransferProhibited https://icann.org/epp#clientTransferProhibited
Registrant Organization: Super Privacy Service LTD c/o Dynadot
Registrant State/Province: California
Registrant Country: US
Registrant Email: Please query the RDDS service of the Registrar of Record identified in this output for information on how to contact the Registrant, Admin, or Tech contact of the queried domain name.
Tech Email: Please query the RDDS service of the Registrar of Record identified in this output for information on how to contact the Registrant, Admin, or Tech contact of the queried domain name.
Name Server: ELOISE.NS.CLOUDFLARE.COM
Name Server: LEX.NS.CLOUDFLARE.COM
DNSSEC: unsigned
",0,abuse@dynadot.com
german,2026-08-06 16:35:18,AFFILIATE_EMAILADDR,sfp_email,"Domain Name: ww88.health
Registry Domain ID: REDACTED FOR PRIVACY
Registrar WHOIS Server: whois.dynadot.com
Registrar URL: https://www.dynadot.com/
Updated Date: 2026-06-28T04:26:49Z
Creation Date: 2026-06-23T04:26:44Z
Registry Expiry Date: 2027-06-23T04:26:44Z
Registrar: Dynadot Inc
Registrar IANA ID: 472
Registrar Abuse Contact Email: abuse@dynadot.com
Registrar Abuse Contact Phone: +1.6502620100
Domain Status: clientTransferProhibited https://icann.org/epp#clientTransferProhibited
Domain Status: serverTransferProhibited https://icann.org/epp#serverTransferProhibited
Registry Registrant ID: REDACTED FOR PRIVACY
Registrant Name: REDACTED FOR PRIVACY
Registrant Organization: Super Privacy Service LTD c/o Dynadot
Registrant Street: REDACTED FOR PRIVACY
Registrant Street: REDACTED FOR PRIVACY
Registrant Street: REDACTED FOR PRIVACY
Registrant City: REDACTED FOR PRIVACY
Registrant State/Province: California
Registrant Postal Code: REDACTED FOR PRIVACY
Registrant Country: US
Registrant Phon",0,abuse@dynadot.com
german,2026-08-06 16:33:20,AFFILIATE_EMAILADDR,sfp_email,"Domain Name: ww88.date
Registry Domain ID: REDACTED FOR PRIVACY
Registrar WHOIS Server: whois.dynadot.com
Registrar URL: https://www.dynadot.com/
Updated Date: 2026-06-15T09:09:34Z
Creation Date: 2026-06-10T09:09:31Z
Registry Expiry Date: 2027-06-10T09:09:31Z
Registrar: Dynadot Inc
Registrar IANA ID: 472
Registrar Abuse Contact Email: abuse@dynadot.com
Registrar Abuse Contact Phone: +1.6502620100
Domain Status: clientTransferProhibited https://icann.org/epp#clientTransferProhibited
Domain Status: serverTransferProhibited https://icann.org/epp#serverTransferProhibited
Registry Registrant ID: REDACTED FOR PRIVACY
Registrant Name: REDACTED FOR PRIVACY
Registrant Organization: Super Privacy Service LTD c/o Dynadot
Registrant Street: REDACTED FOR PRIVACY
Registrant Street: REDACTED FOR PRIVACY
Registrant Street: REDACTED FOR PRIVACY
Registrant City: REDACTED FOR PRIVACY
Registrant State/Province: California
Registrant Postal Code: REDACTED FOR PRIVACY
Registrant Country: US
Registrant Phone:",0,abuse@dynadot.com
german,2026-08-06 16:34:04,AFFILIATE_EMAILADDR,sfp_email,"Domain Name: ww88.fishing
Registry Domain ID: REDACTED FOR PRIVACY
Registrar WHOIS Server: whois.dynadot.com
Registrar URL: https://www.dynadot.com/
Updated Date: 2025-12-26T02:49:35Z
Creation Date: 2025-02-06T07:44:37Z
Registry Expiry Date: 2027-02-06T07:44:37Z
Registrar: Dynadot Inc
Registrar IANA ID: 472
Registrar Abuse Contact Email: abuse@dynadot.com
Registrar Abuse Contact Phone: +1.6502620100
Domain Status: clientTransferProhibited https://icann.org/epp#clientTransferProhibited
Registry Registrant ID: REDACTED FOR PRIVACY
Registrant Name: REDACTED FOR PRIVACY
Registrant Organization: Super Privacy Service LTD c/o Dynadot
Registrant Street: REDACTED FOR PRIVACY
Registrant Street: REDACTED FOR PRIVACY
Registrant Street: REDACTED FOR PRIVACY
Registrant City: REDACTED FOR PRIVACY
Registrant State/Province: California
Registrant Postal Code: REDACTED FOR PRIVACY
Registrant Country: US
Registrant Phone: REDACTED FOR PRIVACY
Registrant Phone Ext: REDACTED FOR PRIVACY
Registrant Fax: RE",0,abuse@dynadot.com
german,2026-08-06 16:36:40,AFFILIATE_EMAILADDR,sfp_email,"Domain Name: ww88.menu
Registry Domain ID: REDACTED FOR PRIVACY
Registrar WHOIS Server: whois.enom.com
Registrar URL: whois.enom.com
Updated Date: 2026-08-04T15:23:01Z
Creation Date: 2026-08-04T15:16:20Z
Registry Expiry Date: 2027-08-04T15:16:20Z
Registrar: eNom, LLC
Registrar IANA ID: 48
Registrar Abuse Contact Email: abuse@enom.com
Registrar Abuse Contact Phone: +1.4165350123
Domain Status: clientTransferProhibited https://icann.org/epp#clientTransferProhibited
Domain Status: serverTransferProhibited https://icann.org/epp#serverTransferProhibited
Domain Status: addPeriod https://icann.org/epp#addPeriod
Registry Registrant ID: REDACTED FOR PRIVACY
Registrant Name: REDACTED FOR PRIVACY
Registrant Organization: Privacy service provided by Withheld for Privacy ehf
Registrant Street: REDACTED FOR PRIVACY
Registrant Street: REDACTED FOR PRIVACY
Registrant Street: REDACTED FOR PRIVACY
Registrant City: REDACTED FOR PRIVACY
Registrant State/Province: Capital Region
Registrant Postal Code: REDAC",0,abuse@enom.com
german,2026-08-06 16:22:30,AFFILIATE_EMAILADDR,sfp_email,"   Domain Name: WW88.NET
   Registry Domain ID: 1598760964_DOMAIN_NET-VRSN
   Registrar WHOIS Server: whois.godaddy.com
   Registrar URL: http://www.godaddy.com
   Updated Date: 2026-06-05T13:04:48Z
   Creation Date: 2010-05-24T07:26:11Z
   Registry Expiry Date: 2027-05-24T07:26:11Z
   Registrar: GoDaddy.com, LLC
   Registrar IANA ID: 146
   Registrar Abuse Contact Email: abuse@godaddy.com
   Registrar Abuse Contact Phone: 480-624-2505
   Domain Status: clientDeleteProhibited https://icann.org/epp#clientDeleteProhibited
   Domain Status: clientRenewProhibited https://icann.org/epp#clientRenewProhibited
   Domain Status: clientTransferProhibited https://icann.org/epp#clientTransferProhibited
   Domain Status: clientUpdateProhibited https://icann.org/epp#clientUpdateProhibited
   Name Server: NS25.DOMAINCONTROL.COM
   Name Server: NS26.DOMAINCONTROL.COM
   DNSSEC: unsigned
   URL of the ICANN Whois Inaccuracy Complaint Form: https://www.icann.org/wicf/
>>> Last update of whois database: 2026-",0,abuse@godaddy.com
german,2026-08-06 16:38:52,AFFILIATE_EMAILADDR,sfp_email,"Domain Name: ww88.sydney
Registry Domain ID: REDACTED FOR PRIVACY
Registrar WHOIS Server: whois.godaddy.com
Registrar URL: whois.godaddy.com
Updated Date: 2026-03-04T03:43:59Z
Creation Date: 2025-04-07T11:43:54Z
Registry Expiry Date: 2027-04-07T11:43:54Z
Registrar: GoDaddy.com, LLC
Registrar IANA ID: 146
Registrar Abuse Contact Email: abuse@godaddy.com
Registrar Abuse Contact Phone: +1.4806242505
Domain Status: clientTransferProhibited https://icann.org/epp#clientTransferProhibited
Domain Status: clientUpdateProhibited https://icann.org/epp#clientUpdateProhibited
Domain Status: clientDeleteProhibited https://icann.org/epp#clientDeleteProhibited
Domain Status: clientRenewProhibited https://icann.org/epp#clientRenewProhibited
Registry Registrant ID: REDACTED FOR PRIVACY
Registrant Name: REDACTED FOR PRIVACY
Registrant Organization:
Registrant Street: REDACTED FOR PRIVACY
Registrant Street: REDACTED FOR PRIVACY
Registrant Street: REDACTED FOR PRIVACY
Registrant City: REDACTED FOR PRIVACY
Re",0,abuse@godaddy.com
german,2026-08-06 16:09:32,AFFILIATE_EMAILADDR,sfp_email,"   Domain Name: WW88.COM
   Registry Domain ID: 130378540_DOMAIN_COM-VRSN
   Registrar WHOIS Server: whois.godaddy.com
   Registrar URL: http://www.godaddy.com
   Updated Date: 2026-04-13T12:58:25Z
   Creation Date: 2004-09-19T13:06:57Z
   Registry Expiry Date: 2027-09-19T13:06:57Z
   Registrar: GoDaddy.com, LLC
   Registrar IANA ID: 146
   Registrar Abuse Contact Email: abuse@godaddy.com
   Registrar Abuse Contact Phone: 480-624-2505
   Domain Status: clientDeleteProhibited https://icann.org/epp#clientDeleteProhibited
   Domain Status: clientRenewProhibited https://icann.org/epp#clientRenewProhibited
   Domain Status: clientTransferProhibited https://icann.org/epp#clientTransferProhibited
   Domain Status: clientUpdateProhibited https://icann.org/epp#clientUpdateProhibited
   Name Server: PNS51.CLOUDNS.NET
   Name Server: PNS52.CLOUDNS.NET
   Name Server: PNS53.CLOUDNS.NET
   Name Server: PNS54.CLOUDNS.NET
   DNSSEC: unsigned
   URL of the ICANN Whois Inaccuracy Complaint Form: https://ww",0,abuse@godaddy.com
german,2026-08-06 16:21:08,AFFILIATE_EMAILADDR,sfp_email,"Domain Name: ww88.me
Registry Domain ID: REDACTED
Registrar WHOIS Server: whois.godaddy.com
Registrar URL: http://www.godaddy.com/domains/search.aspx?ci=8990
Updated Date: 2026-05-02T02:56:38Z
Creation Date: 2025-06-03T13:05:39Z
Registry Expiry Date: 2027-06-03T13:05:39Z
Registrar: GoDaddy.com, LLC
Registrar IANA ID: 146
Registrar Abuse Contact Email: abuse@godaddy.com
Registrar Abuse Contact Phone: +1.4806242505
Domain Status: clientDeleteProhibited https://icann.org/epp#clientDeleteProhibited
Domain Status: clientRenewProhibited https://icann.org/epp#clientRenewProhibited
Domain Status: clientTransferProhibited https://icann.org/epp#clientTransferProhibited
Domain Status: clientUpdateProhibited https://icann.org/epp#clientUpdateProhibited
Registry Registrant ID: REDACTED
Registrant Name: REDACTED
Registrant Organization: Domains By Proxy, LLC
Registrant Street: REDACTED
Registrant City: REDACTED
Registrant State/Province: Arizona
Registrant Postal Code: REDACTED
Registrant Country: US",0,abuse@godaddy.com
german,2026-08-06 16:04:19,AFFILIATE_EMAILADDR,sfp_email,"Domain Name: ww88.ca
Registry Domain ID: 116906120-CIRA
Registrar WHOIS Server: whois.ca.fury.ca
Registrar URL: ca.godaddy.com
Updated Date: 2026-08-03T15:09:15Z
Creation Date: 2025-07-29T08:32:33Z
Registry Expiry Date: 2027-07-29T08:32:33Z
Registrar: Go Daddy Domains Canada, Inc
Registrar IANA ID: not applicable
Registrar Abuse Contact Email: abuse@godaddy.com
Registrar Abuse Contact Phone: +1.4806242505
Registrar Abuse Contact Phone Ext:
Domain Status: autoRenewPeriod https://icann.org/epp#autoRenewPeriod
Domain Status: clientDeleteProhibited https://icann.org/epp#clientDeleteProhibited
Domain Status: clientTransferProhibited https://icann.org/epp#clientTransferProhibited
Domain Status: serverDeleteProhibited https://icann.org/epp#serverDeleteProhibited
Domain Status: serverTransferProhibited https://icann.org/epp#serverTransferProhibited
Domain Status: serverUpdateProhibited https://icann.org/epp#serverUpdateProhibited
Registry Registrant ID: REDACTED FOR PRIVACY
Registrant Name: REDACTE",0,abuse@godaddy.com
german,2026-08-06 16:39:37,AFFILIATE_EMAILADDR,sfp_email,"Domain Name: ww88.wiki
Registry Domain ID: REDACTED FOR PRIVACY
Registrar WHOIS Server: whois.hkdns.hk
Registrar URL: http://www.hkdns.hk/
Updated Date: 2026-07-22T20:52:37Z
Creation Date: 2025-07-22T03:39:46Z
Registry Expiry Date: 2026-07-22T03:39:46Z
Registrar: West263 International Limited
Registrar IANA ID: 1915
Registrar Abuse Contact Email: abuse@hkdns.hk
Registrar Abuse Contact Phone: +852.30697963
Domain Status: ok https://icann.org/epp#ok
Domain Status: autoRenewPeriod https://icann.org/epp#autoRenewPeriod
Registry Registrant ID: REDACTED FOR PRIVACY
Registrant Name: REDACTED FOR PRIVACY
Registrant Organization:
Registrant Street: REDACTED FOR PRIVACY
Registrant Street: REDACTED FOR PRIVACY
Registrant Street: REDACTED FOR PRIVACY
Registrant City: REDACTED FOR PRIVACY
Registrant State/Province: HK
Registrant Postal Code: REDACTED FOR PRIVACY
Registrant Country: HK
Registrant Phone: REDACTED FOR PRIVACY
Registrant Phone Ext: REDACTED FOR PRIVACY
Registrant Fax: REDACTED FOR PRI",0,abuse@hkdns.hk
german,2026-08-06 16:39:37,AFFILIATE_EMAILADDR,sfp_email,"Domain Name: ww88.wiki
Registry Domain ID: REDACTED FOR PRIVACY
Registrar WHOIS Server: whois.hkdns.hk
Registrar URL: http://www.hkdns.hk/
Updated Date: 2026-07-22T20:52:37Z
Creation Date: 2025-07-22T03:39:46Z
Registry Expiry Date: 2026-07-22T03:39:46Z
Registrar: West263 International Limited
Registrar IANA ID: 1915
Registrar Abuse Contact Email: abuse@hkdns.hk
Registrar Abuse Contact Phone: +852.30697963
Domain Status: ok https://icann.org/epp#ok
Domain Status: autoRenewPeriod https://icann.org/epp#autoRenewPeriod
Registry Registrant ID: REDACTED FOR PRIVACY
Registrant Name: REDACTED FOR PRIVACY
Registrant Organization:
Registrant Street: REDACTED FOR PRIVACY
Registrant Street: REDACTED FOR PRIVACY
Registrant Street: REDACTED FOR PRIVACY
Registrant City: REDACTED FOR PRIVACY
Registrant State/Province: HK
Registrant Postal Code: REDACTED FOR PRIVACY
Registrant Country: HK
Registrant Phone: REDACTED FOR PRIVACY
Registrant Phone Ext: REDACTED FOR PRIVACY
Registrant Fax: REDACTED FOR PRI",0,abuse@hkdns.hk
german,2026-08-06 16:09:34,AFFILIATE_EMAILADDR,sfp_email,"Domain Name: ww88.cx
Registry Domain ID: 2079155-CoCCA
Updated Date: 2025-11-26T07:26:08Z
Creation Date: 2025-09-25T12:13:25Z
Registry Expiry Date: 2026-09-25T12:13:28Z
Registrar Registration Expiration Date: 2026-09-25T12:13:28Z
Registrar: CentralNic Ltd
Registrar Street Address: 35-39 Moorgate, London, EC2R 6AR
Registrar Country: GB
Registrar Phone: +44 (0)20 33 88 0600
Registrar Fax: +44 (0)20 33 88 0601
Registrar Email: registry@key-systems.net
Registrar Abuse Contact Email: abuse@key-systems.net
Registrar Abuse Contact Phone: 
Domain Status: active https://icann.org/epp#active
Domain Status: clientTransferProhibited https://icann.org/epp#clientTransferProhibited
Name Server: lisa.ns.cloudflare.com
Name Server: garrett.ns.cloudflare.com
DNSSEC: unsigned
>>> Last update of WHOIS database: 2026-08-06T16:02:23.951Z <<<

For more information on domain status codes, please visit https://icann.org/epp

TERMS OF USE: You are not authorized to access or query our Whois database through the ",0,abuse@key-systems.net
german,2026-08-06 16:38:11,AFFILIATE_EMAILADDR,sfp_email,"Domain Name: WW88.QUEST
Registry Domain ID: D488650224-CNIC
Registrar WHOIS Server: whois.namecheap.com
Registrar URL: https://namecheap.com
Updated Date: 2025-10-01T12:20:13.0Z
Creation Date: 2024-09-25T11:28:30.0Z
Registry Expiry Date: 2026-09-25T23:59:59.0Z
Registrar: NameCheap, Inc.
Registrar IANA ID: 1068
Domain Status: clientTransferProhibited https://icann.org/epp#clientTransferProhibited
Name Server: DNS1.REGISTRAR-SERVERS.COM
Name Server: DNS2.REGISTRAR-SERVERS.COM
DNSSEC: unsigned
Registrar Abuse Contact Email: abuse@namecheap.com
Registrar Abuse Contact Phone: +1.9854014545
URL of the ICANN Whois Inaccuracy Complaint Form: https://www.icann.org/wicf/
>>> Last update of WHOIS database: 2026-08-06T16:38:01.0Z <<<

For more information on Whois status codes, please visit https://icann.org/epp

The registration data available in this service is limited. Additional
data may be available at https://lookup.icann.org

The Whois and RDAP services are provided by CentralNic, and contai",0,abuse@namecheap.com
german,2026-08-06 16:25:07,AFFILIATE_EMAILADDR,sfp_email,"Domain Name: ww88.sh
Registry Domain ID: REDACTED
Registrar WHOIS Server: whois.namecheap.com
Registrar URL: https://www.namecheap.com/
Updated Date: 2025-11-17T08:04:07Z
Creation Date: 2025-11-12T08:03:57Z
Registry Expiry Date: 2026-11-12T08:03:57Z
Registrar: NameCheap, Inc.
Registrar IANA ID: 1068
Registrar Abuse Contact Email: abuse@namecheap.com
Registrar Abuse Contact Phone: +1.9854014545
Domain Status: clientTransferProhibited https://icann.org/epp#clientTransferProhibited
Registry Registrant ID: REDACTED
Registrant Name: REDACTED
Registrant Organization: Privacy service provided by Withheld for Privacy ehf
Registrant Street: REDACTED
Registrant City: REDACTED
Registrant State/Province: Capital Region
Registrant Postal Code: REDACTED
Registrant Country: IS
Registrant Phone: REDACTED
Registrant Phone Ext: REDACTED
Registrant Fax: REDACTED
Registrant Fax Ext: REDACTED
Registrant Email: REDACTED
Registry Admin ID: REDACTED
Admin Name: REDACTED
Admin Organization: REDACTED
Admin ",0,abuse@namecheap.com
german,2026-08-06 16:37:14,AFFILIATE_EMAILADDR,sfp_email,"Domain Name: ww88.one
Registry Domain ID: REDACTED FOR PRIVACY
Registrar WHOIS Server: whois.namecheap.com
Registrar URL: http://www.namecheap.com
Updated Date: 2026-05-24T05:52:05Z
Creation Date: 2024-06-26T02:56:51Z
Registry Expiry Date: 2027-06-26T02:56:51Z
Registrar: NameCheap, Inc.
Registrar IANA ID: 1068
Registrar Abuse Contact Email: abuse@namecheap.com
Registrar Abuse Contact Phone: +1.6613102107
Domain Status: clientTransferProhibited https://icann.org/epp#clientTransferProhibited
Registry Registrant ID: REDACTED FOR PRIVACY
Registrant Name: REDACTED FOR PRIVACY
Registrant Organization: Privacy service provided by Withheld for Privacy ehf
Registrant Street: REDACTED FOR PRIVACY
Registrant Street: REDACTED FOR PRIVACY
Registrant Street: REDACTED FOR PRIVACY
Registrant City: REDACTED FOR PRIVACY
Registrant State/Province: Capital Region
Registrant Postal Code: REDACTED FOR PRIVACY
Registrant Country: IS
Registrant Phone: REDACTED FOR PRIVACY
Registrant Phone Ext: REDACTED FOR PRI",0,abuse@namecheap.com
german,2026-08-06 16:39:12,AFFILIATE_EMAILADDR,sfp_email,"Domain Name: ww88.tube
Registry Domain ID: Dtysb16537-TUBE
Registrar WHOIS Server: whois.namecheap.com
Registrar URL: http://www.namecheap.com
Updated Date: 2026-08-04T12:08:51.234Z
Creation Date: 2026-08-04T12:08:45.270Z
Registry Expiry Date: 2027-08-04T12:08:45.270Z
Registrar Registration Expiration Date: 
Registrar: NameCheap, Inc.
Registrar IANA ID: 1068
Registrar Abuse Contact Email: abuse@namecheap.com
Registrar Abuse Contact Phone: +1.6027723958
Reseller: 
Domain Status: clientTransferProhibited https://icann.org/epp#clientTransferProhibited
Domain Status: serverTransferProhibited https://icann.org/epp#serverTransferProhibited
Domain Status: addPeriod https://icann.org/epp#addPeriod
Registry Registrant ID: REDACTED FOR PRIVACY
Registrant Name: REDACTED FOR PRIVACY
Registrant Organization: Privacy service provided by Withheld for Privacy ehf
Registrant Street: REDACTED FOR PRIVACY
Registrant City: REDACTED FOR PRIVACY
Registrant State/Province: Capital Region
Registrant Postal Code",0,abuse@namecheap.com
german,2026-08-06 16:38:54,AFFILIATE_EMAILADDR,sfp_email,"Domain Name: ww88.tattoo
Registry Domain ID: REDACTED FOR PRIVACY
Registrar WHOIS Server: whois.namecheap.com
Registrar URL: http://www.namecheap.com
Updated Date: 2026-02-19T12:40:21Z
Creation Date: 2025-12-21T12:40:18Z
Registry Expiry Date: 2026-12-21T12:40:18Z
Registrar: NameCheap, Inc.
Registrar IANA ID: 1068
Registrar Abuse Contact Email: abuse@namecheap.com
Registrar Abuse Contact Phone: +1.6613102107
Domain Status: clientTransferProhibited https://icann.org/epp#clientTransferProhibited
Registry Registrant ID: REDACTED FOR PRIVACY
Registrant Name: REDACTED FOR PRIVACY
Registrant Organization: Privacy service provided by Withheld for Privacy ehf
Registrant Street: REDACTED FOR PRIVACY
Registrant Street: REDACTED FOR PRIVACY
Registrant Street: REDACTED FOR PRIVACY
Registrant City: REDACTED FOR PRIVACY
Registrant State/Province: Capital Region
Registrant Postal Code: REDACTED FOR PRIVACY
Registrant Country: IS
Registrant Phone: REDACTED FOR PRIVACY
Registrant Phone Ext: REDACTED FOR ",0,abuse@namecheap.com
german,2026-08-06 16:31:56,AFFILIATE_EMAILADDR,sfp_email,"Domain Name: WW88.CAM
Registry Domain ID: D567889374-CNIC
Registrar WHOIS Server: whois.namecheap.com
Registrar URL: https://namecheap.com
Updated Date: 2026-07-07T00:13:26.0Z
Creation Date: 2025-07-06T23:10:22.0Z
Registry Expiry Date: 2027-07-06T23:59:59.0Z
Registrar: NameCheap, Inc.
Registrar IANA ID: 1068
Domain Status: clientTransferProhibited https://icann.org/epp#clientTransferProhibited
Domain Status: autoRenewPeriod https://icann.org/epp#autoRenewPeriod
Name Server: DNS101.REGISTRAR-SERVERS.COM
Name Server: DNS102.REGISTRAR-SERVERS.COM
DNSSEC: unsigned
Registrar Abuse Contact Email: abuse@namecheap.com
Registrar Abuse Contact Phone: +1.9854014545
URL of the ICANN Whois Inaccuracy Complaint Form: https://www.icann.org/wicf/
>>> Last update of WHOIS database: 2026-08-06T16:31:48.0Z <<<

This data is provided by CAM-REGISTRY for information purposes only in
accordance with the CAM-REGISTRY TLD Privacy Policy. It is intended to
assist persons to obtain information about or related to ",0,abuse@namecheap.com
german,2026-08-06 16:39:39,AFFILIATE_EMAILADDR,sfp_email,"Domain Name: ww88.win
Registry Domain ID: REDACTED FOR PRIVACY
Registrar WHOIS Server: whois.namecheap.com
Registrar URL: http://www.namecheap.com
Updated Date: 2026-03-14T02:38:53Z
Creation Date: 2024-02-21T00:43:27Z
Registry Expiry Date: 2027-02-21T00:43:27Z
Registrar: NameCheap, Inc.
Registrar IANA ID: 1068
Registrar Abuse Contact Email: abuse@namecheap.com
Registrar Abuse Contact Phone: +1.6613102107
Domain Status: clientTransferProhibited https://icann.org/epp#clientTransferProhibited
Registry Registrant ID: REDACTED FOR PRIVACY
Registrant Name: REDACTED FOR PRIVACY
Registrant Organization: Privacy service provided by Withheld for Privacy ehf
Registrant Street: REDACTED FOR PRIVACY
Registrant Street: REDACTED FOR PRIVACY
Registrant Street: REDACTED FOR PRIVACY
Registrant City: REDACTED FOR PRIVACY
Registrant State/Province: Capital Region
Registrant Postal Code: REDACTED FOR PRIVACY
Registrant Country: IS
Registrant Phone: REDACTED FOR PRIVACY
Registrant Phone Ext: REDACTED FOR PRI",0,abuse@namecheap.com
german,2026-08-06 16:37:50,AFFILIATE_EMAILADDR,sfp_email,"Domain Name: ww88.photo
Registry Domain ID: REDACTED FOR PRIVACY
Registrar WHOIS Server: whois.namecheap.com
Registrar URL: http://www.namecheap.com
Updated Date: 2025-10-14T17:07:45Z
Creation Date: 2024-08-27T09:02:52Z
Registry Expiry Date: 2026-08-27T09:02:52Z
Registrar: NameCheap, Inc.
Registrar IANA ID: 1068
Registrar Abuse Contact Email: abuse@namecheap.com
Registrar Abuse Contact Phone: +1.6613102107
Domain Status: clientTransferProhibited https://icann.org/epp#clientTransferProhibited
Registry Registrant ID: REDACTED FOR PRIVACY
Registrant Name: REDACTED FOR PRIVACY
Registrant Organization: Privacy service provided by Withheld for Privacy ehf
Registrant Street: REDACTED FOR PRIVACY
Registrant Street: REDACTED FOR PRIVACY
Registrant Street: REDACTED FOR PRIVACY
Registrant City: REDACTED FOR PRIVACY
Registrant State/Province: Capital Region
Registrant Postal Code: REDACTED FOR PRIVACY
Registrant Country: IS
Registrant Phone: REDACTED FOR PRIVACY
Registrant Phone Ext: REDACTED FOR P",0,abuse@namecheap.com
german,2026-08-06 16:37:27,AFFILIATE_EMAILADDR,sfp_email,"Domain Name: ww88.osaka
Registry Domain ID: REDACTED FOR PRIVACY
Registrar WHOIS Server: whois.namecheap.com
Registrar URL: http://www.namecheap.com
Updated Date: 2026-02-03T03:13:47Z
Creation Date: 2025-03-02T12:10:06Z
Registry Expiry Date: 2027-03-02T12:10:06Z
Registrar: NameCheap, Inc.
Registrar IANA ID: 1068
Registrar Abuse Contact Email: abuse@namecheap.com
Registrar Abuse Contact Phone: +1.6613102107
Domain Status: clientTransferProhibited https://icann.org/epp#clientTransferProhibited
Registry Registrant ID: REDACTED FOR PRIVACY
Registrant Name: REDACTED FOR PRIVACY
Registrant Organization: Privacy service provided by Withheld for Privacy ehf
Registrant Street: REDACTED FOR PRIVACY
Registrant Street: REDACTED FOR PRIVACY
Registrant Street: REDACTED FOR PRIVACY
Registrant City: REDACTED FOR PRIVACY
Registrant State/Province: Capital Region
Registrant Postal Code: REDACTED FOR PRIVACY
Registrant Country: IS
Registrant Phone: REDACTED FOR PRIVACY
Registrant Phone Ext: REDACTED FOR P",0,abuse@namecheap.com
german,2026-08-06 16:01:44,AFFILIATE_EMAILADDR,sfp_email,"Domain Name: tds.so
Registry Domain ID: 130725-sonic
Registrar WHOIS Server: whois.namecheap.com
Updated Date: 2026-07-28T19:12:27Z
Creation Date: 2020-07-28T17:38:00Z
Registry Expiry Date: 2027-07-28T17:38:00Z
Registrar Registration Expiration Date: 2027-07-28T17:38:00Z
Registrar: NameCheap
Registrar IANA ID: 1068
Registrar Street Address: Street No. 4600, East Washington Street, Suite 305
Registrar City: Phoenix
Registrar State: AZ
Registrar Postal Code: 85034
Registrar Email: registry@namecheap.com
Registrar Abuse Contact Email: abuse@namecheap.com
Registrar Abuse Contact Phone: +1.6613102107
Domain Status: active https://icann.org/epp#active
Name Server: edna.ns.cloudflare.com
Name Server: rayden.ns.cloudflare.com
DNSSEC: unsigned
>>> Last update of WHOIS database: 2026-08-06T15:45:22.255Z <<<

For more information on domain status codes, please visit https://icann.org/epp

TERMS OF USE: You are not authorized to access or query our WHOIS database through the use of electronic proc",0,abuse@namecheap.com
german,2026-08-06 16:31:05,AFFILIATE_EMAILADDR,sfp_email,"Domain Name: WW88.BEST
Registry Domain ID: D582299244-CNIC
Registrar WHOIS Server: whois.namecheap.com
Registrar URL: https://namecheap.com
Updated Date: 2025-09-01T12:22:45.0Z
Creation Date: 2025-08-16T10:35:17.0Z
Registry Expiry Date: 2026-08-16T23:59:59.0Z
Registrar: NameCheap, Inc.
Registrar IANA ID: 1068
Domain Status: clientTransferProhibited https://icann.org/epp#clientTransferProhibited
Registrant Organization: Privacy service provided by Withheld for Privacy ehf
Registrant State/Province: Capital Region
Registrant Country: IS
Registrant Email: Please query the RDDS service of the Registrar of Record identified in this output for information on how to contact the Registrant, Admin, or Tech contact of the queried domain name.
Tech Email: Please query the RDDS service of the Registrar of Record identified in this output for information on how to contact the Registrant, Admin, or Tech contact of the queried domain name.
Name Server: JACOB.NS.CLOUDFLARE.COM
Name Server: LILITH.NS.CLOUDFLAR",0,abuse@namecheap.com
german,2026-08-06 15:59:57,AFFILIATE_EMAILADDR,sfp_email,"Domain Name: ww88.top
Registry Domain ID: D20240315G10001G_19634277-top
Registrar WHOIS Server: whois.namecheap.com
Registrar URL: https://www.namecheap.com/
Updated Date: 2026-03-13T07:58:47Z
Creation Date: 2024-03-15T12:31:09Z
Registry Expiry Date: 2027-03-15T12:31:09Z
Registrar: Namecheap Inc.
Registrar IANA ID: 1068
Registrar Abuse Contact Email: abuse@namecheap.com
Registrar Abuse Contact Phone: +1.6613102107
Domain Status: clientTransferProhibited https://icann.org/epp#clientTransferProhibited
Registry Registrant ID: REDACTED FOR PRIVACY
Registrant Name: REDACTED FOR PRIVACY
Registrant Organization: REDACTED FOR PRIVACY
Registrant Street:  REDACTED FOR PRIVACY
Registrant City: REDACTED FOR PRIVACY
Registrant State/Province: Capital Region
Registrant Postal Code: REDACTED FOR PRIVACY
Registrant Country: IS
Registrant Phone: REDACTED FOR PRIVACY
Registrant Phone Ext: REDACTED FOR PRIVACY
Registrant Fax: REDACTED FOR PRIVACY
Registrant Fax Ext: REDACTED FOR PRIVACY
Registrant Email:",0,abuse@namecheap.com
german,2026-08-06 16:00:36,AFFILIATE_EMAILADDR,sfp_email,"Domain Name: ww88.ac
Registry Domain ID: REDACTED
Registrar WHOIS Server: whois.namecheap.com
Registrar URL: https://www.namecheap.com/
Updated Date: 2026-07-15T08:41:35Z
Creation Date: 2025-07-15T08:33:17Z
Registry Expiry Date: 2027-07-15T08:33:17Z
Registrar: NameCheap, Inc.
Registrar IANA ID: 1068
Registrar Abuse Contact Email: abuse@namecheap.com
Registrar Abuse Contact Phone: +1.9854014545
Domain Status: clientTransferProhibited https://icann.org/epp#clientTransferProhibited
Domain Status: autoRenewPeriod https://icann.org/epp#autoRenewPeriod
Registry Registrant ID: REDACTED
Registrant Name: REDACTED
Registrant Organization: Privacy service provided by Withheld for Privacy ehf
Registrant Street: REDACTED
Registrant City: REDACTED
Registrant State/Province: Capital Region
Registrant Postal Code: REDACTED
Registrant Country: IS
Registrant Phone: REDACTED
Registrant Phone Ext: REDACTED
Registrant Fax: REDACTED
Registrant Fax Ext: REDACTED
Registrant Email: REDACTED
Registry Admin ID",0,abuse@namecheap.com
german,2026-08-06 16:35:45,AFFILIATE_EMAILADDR,sfp_email,"Domain Name: ww88.link
Registry Domain ID: DO_2662f36760d663f6f478db6165c8deab-UR
Registrar WHOIS Server: whois.namecheap.com
Registrar URL: https://www.namecheap.com
Updated Date: 2025-12-14T12:17:19.369Z
Creation Date: 2025-12-09T12:16:48.407Z
Registry Expiry Date: 2026-12-09T12:16:48.407Z
Registrar: NAMECHEAP
Registrar IANA ID: 1068
Registrar Abuse Contact Email: abuse@namecheap.com
Registrar Abuse Contact Phone: +1.6613102107
Domain Status: clientTransferProhibited https://icann.org/epp#clientTransferProhibited
Name Server: arvind.ns.cloudflare.com
Name Server: addilyn.ns.cloudflare.com
DNSSEC: unsigned
URL of the ICANN RDDS Inaccuracy Complaint Form: https://icann.org/wicf

>>> Last update of WHOIS database: 2026-08-06T16:35:35.635Z <<<

For more information on domain status codes, please visit https://icann.org/epp

The WHOIS information provided in this page has been redacted
in compliance with ICANN's Temporary Specification for gTLD
Registration Data.

The data in this record",0,abuse@namecheap.com
german,2026-08-06 16:38:35,AFFILIATE_EMAILADDR,sfp_email,"Domain Name: ww88.study
Registry Domain ID: REDACTED FOR PRIVACY
Registrar WHOIS Server: whois.namecheap.com
Registrar URL: http://www.namecheap.com
Updated Date: 2026-07-26T04:31:37Z
Creation Date: 2026-07-17T13:10:58Z
Registry Expiry Date: 2027-07-17T13:10:58Z
Registrar: NameCheap, Inc.
Registrar IANA ID: 1068
Registrar Abuse Contact Email: abuse@namecheap.com
Registrar Abuse Contact Phone: +1.6613102107
Domain Status: clientTransferProhibited https://icann.org/epp#clientTransferProhibited
Domain Status: serverTransferProhibited https://icann.org/epp#serverTransferProhibited
Registry Registrant ID: REDACTED FOR PRIVACY
Registrant Name: REDACTED FOR PRIVACY
Registrant Organization:
Registrant Street: REDACTED FOR PRIVACY
Registrant Street: REDACTED FOR PRIVACY
Registrant Street: REDACTED FOR PRIVACY
Registrant City: REDACTED FOR PRIVACY
Registrant State/Province: NA
Registrant Postal Code: REDACTED FOR PRIVACY
Registrant Country: VN
Registrant Phone: REDACTED FOR PRIVACY
Registrant Ph",0,abuse@namecheap.com
german,2026-08-06 16:30:52,AFFILIATE_EMAILADDR,sfp_email,"Domain Name: WW88.ART
Registry Domain ID: D620555113-CNIC
Registrar WHOIS Server: whois.namecheap.com
Registrar URL: https://namecheap.com
Updated Date: 2025-12-01T14:19:01.0Z
Creation Date: 2025-11-12T13:43:23.0Z
Registry Expiry Date: 2026-11-12T23:59:59.0Z
Registrar: NameCheap, Inc.
Registrar IANA ID: 1068
Domain Status: clientTransferProhibited https://icann.org/epp#clientTransferProhibited
Registrant Organization: Privacy service provided by Withheld for Privacy ehf
Registrant State/Province: Capital Region
Registrant Country: IS
Registrant Email: Please query the RDDS service of the Registrar of Record identified in this output for information on how to contact the Registrant, Admin, or Tech contact of the queried domain name.
Tech Email: Please query the RDDS service of the Registrar of Record identified in this output for information on how to contact the Registrant, Admin, or Tech contact of the queried domain name.
Name Server: JACOB.NS.CLOUDFLARE.COM
Name Server: LILITH.NS.CLOUDFLARE",0,abuse@namecheap.com
german,2026-08-06 16:33:34,AFFILIATE_EMAILADDR,sfp_email,"Domain Name: ww88.earth
Registry Domain ID: REDACTED FOR PRIVACY
Registrar WHOIS Server: whois.namecheap.com
Registrar URL: http://www.namecheap.com
Updated Date: 2026-04-12T08:04:31Z
Creation Date: 2024-06-18T07:15:17Z
Registry Expiry Date: 2028-06-18T07:15:17Z
Registrar: NameCheap, Inc.
Registrar IANA ID: 1068
Registrar Abuse Contact Email: abuse@namecheap.com
Registrar Abuse Contact Phone: +1.6613102107
Domain Status: ok https://icann.org/epp#ok
Registry Registrant ID: REDACTED FOR PRIVACY
Registrant Name: REDACTED FOR PRIVACY
Registrant Organization: Privacy service provided by Withheld for Privacy ehf
Registrant Street: REDACTED FOR PRIVACY
Registrant Street: REDACTED FOR PRIVACY
Registrant Street: REDACTED FOR PRIVACY
Registrant City: REDACTED FOR PRIVACY
Registrant State/Province: Capital Region
Registrant Postal Code: REDACTED FOR PRIVACY
Registrant Country: IS
Registrant Phone: REDACTED FOR PRIVACY
Registrant Phone Ext: REDACTED FOR PRIVACY
Registrant Fax: REDACTED FOR PRIVACY",0,abuse@namecheap.com
german,2026-08-06 16:30:44,AFFILIATE_EMAILADDR,sfp_email,"Domain Name: ww88.africa
Registry Domain ID: 5f9j_DOMAIN-AFRICA
Registrar WHOIS Server: whois.namecheap.com
Registrar URL: https://www.namecheap.com
Updated Date: 2026-04-19T08:08:29Z
Creation Date: 2026-04-07T08:08:24Z
Registry Expiry Date: 2027-04-07T08:08:24Z
Registrar Registration Expiration Date: 2027-04-07T08:08:24Z
Registrar: Namecheap, Inc.
Registrar IANA ID: 1068
Registrar Abuse Contact Email: abuse@namecheap.com
Registrar Abuse Contact Phone: +1.6613102107
Reseller: 
Domain Status: clientTransferProhibited https://icann.org/epp#clientTransferProhibited
Registrant Organization: 
Registrant Country: IS
Registrant Email: Please contact the RDDS service of the listed Registrar for Registrant, Admin, or Tech contact information.
Admin Email: Please contact the RDDS service of the listed Registrar for Registrant, Admin, or Tech contact information.
Tech Email: Please contact the RDDS service of the listed Registrar for Registrant, Admin, or Tech contact information.
Billing Email: Please contact the RDDS ",0,abuse@namecheap.com
german,2026-08-06 16:32:34,AFFILIATE_EMAILADDR,sfp_email,"Domain Name: ww88.club
Registry Domain ID: REDACTED FOR PRIVACY
Registrar WHOIS Server: whois.namecheap.com
Registrar URL: http://www.namecheap.com
Updated Date: 2026-02-14T10:03:41Z
Creation Date: 2022-03-11T06:28:29Z
Registry Expiry Date: 2027-03-11T06:28:29Z
Registrar: NameCheap, Inc.
Registrar IANA ID: 1068
Registrar Abuse Contact Email: abuse@namecheap.com
Registrar Abuse Contact Phone: +1.6613102107
Domain Status: clientTransferProhibited https://icann.org/epp#clientTransferProhibited
Registry Registrant ID: REDACTED FOR PRIVACY
Registrant Name: REDACTED FOR PRIVACY
Registrant Organization: Privacy service provided by Withheld for Privacy ehf
Registrant Street: REDACTED FOR PRIVACY
Registrant Street: REDACTED FOR PRIVACY
Registrant Street: REDACTED FOR PRIVACY
Registrant City: REDACTED FOR PRIVACY
Registrant State/Province: Capital Region
Registrant Postal Code: REDACTED FOR PRIVACY
Registrant Country: IS
Registrant Phone: REDACTED FOR PRIVACY
Registrant Phone Ext: REDACTED FOR PR",0,abuse@namecheap.com
german,2026-08-06 16:37:24,AFFILIATE_EMAILADDR,sfp_email,"Domain Name: ww88.online
Registry Domain ID: D618144684-CNIC
Registrar WHOIS Server: whois.namecheap.com
Registrar URL: https://www.namecheap.com/
Updated Date: 2026-08-06T00:20:28.322Z
Creation Date: 2025-11-07T00:14:15.000Z
Registry Expiry Date: 2026-11-07T23:59:59.000Z
Registrar: NameCheap, Inc.
Registrar IANA ID: 1068
Registrar Abuse Contact Email: abuse@namecheap.com
Registrar Abuse Contact Phone: +1.9854014545
Domain Status: clientTransferProhibited https://icann.org/epp#clientTransferProhibited
Name Server: ns1.afternic.com
Name Server: ns2.afternic.com
DNSSEC: unsigned
URL of the ICANN RDDS Inaccuracy Complaint Form: https://icann.org/wicf

>>> Last update of WHOIS database: 2026-08-06T16:37:16.006Z <<<

For more information on domain status codes, please visit https://icann.org/epp

The WHOIS information provided in this page has been redacted
in compliance with ICANN's Temporary Specification for gTLD
Registration Data.

The data in this record is provided by Tucows Registry",0,abuse@namecheap.com
german,2026-08-06 16:30:55,AFFILIATE_EMAILADDR,sfp_email,"Domain Name: WW88.BABY
Registry Domain ID: D575754150-CNIC
Registrar WHOIS Server: whois.namecheap.com
Registrar URL: https://namecheap.com
Updated Date: 2026-07-30T00:12:32.0Z
Creation Date: 2025-07-29T08:32:14.0Z
Registry Expiry Date: 2027-07-29T23:59:59.0Z
Registrar: NameCheap, Inc.
Registrar IANA ID: 1068
Domain Status: clientTransferProhibited https://icann.org/epp#clientTransferProhibited
Domain Status: autoRenewPeriod https://icann.org/epp#autoRenewPeriod
Name Server: DNS101.REGISTRAR-SERVERS.COM
Name Server: DNS102.REGISTRAR-SERVERS.COM
DNSSEC: unsigned
Registrar Abuse Contact Email: abuse@namecheap.com
Registrar Abuse Contact Phone: +1.9854014545
URL of the ICANN Whois Inaccuracy Complaint Form: https://www.icann.org/wicf/
>>> Last update of WHOIS database: 2026-08-06T16:30:53.0Z <<<

For more information on Whois status codes, please visit https://icann.org/epp

The registration data available in this service is limited. Additional
data may be available at https://lookup.icann.",0,abuse@namecheap.com
german,2026-08-06 16:31:01,AFFILIATE_EMAILADDR,sfp_email,"Domain Name: ww88.bar
Registry Domain ID: DO_42f60c4d81216095903a01992ecbe44b-PUNTO
Registrar WHOIS Server: whois.namecheap.com
Registrar URL: https://www.namecheap.com
Updated Date: 2026-08-04T19:46:50.877Z
Creation Date: 2025-10-03T02:52:00.585Z
Registry Expiry Date: 2026-10-03T02:52:00.585Z
Registrar: NAMECHEAP
Registrar IANA ID: 1068
Registrar Abuse Contact Email: support@namecheap.com
Registrar Abuse Contact Phone: +1.3102593259
Domain Status: clientTransferProhibited https://icann.org/epp#clientTransferProhibited
Name Server: dns101.registrar-servers.com
Name Server: dns102.registrar-servers.com
DNSSEC: unsigned
URL of the ICANN RDDS Inaccuracy Complaint Form: https://icann.org/wicf

>>> Last update of WHOIS database: 2026-08-06T16:30:56.579Z <<<

For more information on domain status codes, please visit https://icann.org/epp

The WHOIS information provided in this page has been redacted
in compliance with ICANN's Temporary Specification for gTLD
Registration Data.

The data in ",0,abuse@namecheap.com
german,2026-08-06 16:25:58,AFFILIATE_EMAILADDR,sfp_email,"Domain Name: ww88.tel
Registry Domain ID: Djrms79746-TEL
Registrar WHOIS Server: whois.namecheap.com
Registrar URL: http://www.namecheap.com
Updated Date: 2026-07-30T11:19:17.31Z
Creation Date: 2025-07-15T08:33:14.371Z
Registry Expiry Date: 2026-07-15T08:33:14.371Z
Registrar Registration Expiration Date: 
Registrar: NameCheap, Inc.
Registrar IANA ID: 1068
Registrar Abuse Contact Email: abuse@namecheap.com
Registrar Abuse Contact Phone: +1.6027723958
Reseller: 
Domain Status: clientTransferProhibited https://icann.org/epp#clientTransferProhibited
Domain Status: pendingRenew https://icann.org/epp#pendingRenew
Domain Status: autoRenewPeriod https://icann.org/epp#autoRenewPeriod
Registry Registrant ID: REDACTED FOR PRIVACY
Registrant Name: REDACTED FOR PRIVACY
Registrant Organization: Withheld for Privacy Purposes
Registrant Street: REDACTED FOR PRIVACY
Registrant City: REDACTED FOR PRIVACY
Registrant State/Province: Capital Region
Registrant Postal Code: REDACTED FOR PRIVACY
Registrant Cou",0,abuse@namecheap.com
german,2026-08-06 16:34:37,AFFILIATE_EMAILADDR,sfp_email,"Domain Name: ww88.fun
Registry Domain ID: D502453710-CNIC
Registrar WHOIS Server: whois.namecheap.com
Registrar URL: https://www.namecheap.com/
Updated Date: 2025-02-13T10:18:27.000Z
Creation Date: 2024-11-15T11:26:05.000Z
Registry Expiry Date: 2026-11-15T23:59:59.000Z
Registrar: NameCheap, Inc.
Registrar IANA ID: 1068
Registrar Abuse Contact Email: abuse@namecheap.com
Registrar Abuse Contact Phone: +1.9854014545
Domain Status: clientTransferProhibited https://icann.org/epp#clientTransferProhibited
Name Server: miki.ns.cloudflare.com
Name Server: nicolas.ns.cloudflare.com
DNSSEC: unsigned
URL of the ICANN RDDS Inaccuracy Complaint Form: https://icann.org/wicf

>>> Last update of WHOIS database: 2026-08-06T16:34:31.894Z <<<

For more information on domain status codes, please visit https://icann.org/epp

The WHOIS information provided in this page has been redacted
in compliance with ICANN's Temporary Specification for gTLD
Registration Data.

The data in this record is provided by Tuc",0,abuse@namecheap.com
german,2026-08-06 16:34:29,AFFILIATE_EMAILADDR,sfp_email,"Domain Name: ww88.foundation
Registry Domain ID: REDACTED
Registrar WHOIS Server: whois.namecheap.com
Registrar URL: http://www.namecheap.com
Updated Date: 2026-07-13T14:20:43Z
Creation Date: 2026-07-08T14:20:03Z
Registry Expiry Date: 2027-07-08T14:20:03Z
Registrar: NameCheap, Inc.
Registrar IANA ID: 1068
Registrar Abuse Contact Email: abuse@namecheap.com
Registrar Abuse Contact Phone: +1.9854014545
Domain Status: clientTransferProhibited https://icann.org/epp#clientTransferProhibited
Name Server: dns1.registrar-servers.com
Name Server: dns2.registrar-servers.com
DNSSEC: unsigned
URL of the ICANN Whois Inaccuracy Complaint Form: https://icann.org/wicf/
>>> Last update of WHOIS database: 2026-08-06T16:34:17Z <<<

For more information on Whois status codes, please visit https://icann.org/epp

Terms of Use: Access to Public Interest Registry WHOIS information is provided to assist persons in determining the contents of a domain name registration record in the Public Interest Registry registry",0,abuse@namecheap.com
german,2026-08-06 16:35:31,AFFILIATE_EMAILADDR,sfp_email,"Domain Name: ww88.krd
Registry Domain ID: REDACTED FOR PRIVACY
Registrar WHOIS Server: whois.namecheap.com
Registrar URL: http://www.namecheap.com
Updated Date: 2026-05-20T08:34:34Z
Creation Date: 2024-06-03T06:13:19Z
Registry Expiry Date: 2027-06-03T06:13:19Z
Registrar: NameCheap, Inc.
Registrar IANA ID: 1068
Registrar Abuse Contact Email: abuse@namecheap.com
Registrar Abuse Contact Phone: +1.6613102107
Domain Status: clientTransferProhibited https://icann.org/epp#clientTransferProhibited
Registry Registrant ID: REDACTED FOR PRIVACY
Registrant Name: REDACTED FOR PRIVACY
Registrant Organization: Privacy service provided by Withheld for Privacy ehf
Registrant Street: REDACTED FOR PRIVACY
Registrant Street: REDACTED FOR PRIVACY
Registrant Street: REDACTED FOR PRIVACY
Registrant City: REDACTED FOR PRIVACY
Registrant State/Province: Capital Region
Registrant Postal Code: REDACTED FOR PRIVACY
Registrant Country: IS
Registrant Phone: REDACTED FOR PRIVACY
Registrant Phone Ext: REDACTED FOR PRI",0,abuse@namecheap.com
german,2026-08-06 16:34:53,AFFILIATE_EMAILADDR,sfp_email,"Domain Name: ww88.gift
Registry Domain ID: DO_548b93c195a6368bbe023eb3874fbb7a-UR
Registrar WHOIS Server: whois.namecheap.com
Registrar URL: https://www.namecheap.com
Updated Date: 2026-04-12T08:04:50.395Z
Creation Date: 2024-06-18T07:15:21.150Z
Registry Expiry Date: 2028-06-18T07:15:21.150Z
Registrar: NAMECHEAP
Registrar IANA ID: 1068
Registrar Abuse Contact Email: support@namecheap.com
Registrar Abuse Contact Phone: +1.3102593259
Domain Status: clientTransferProhibited https://icann.org/epp#clientTransferProhibited
Name Server: beau.ns.cloudflare.com
Name Server: tina.ns.cloudflare.com
DNSSEC: unsigned
URL of the ICANN RDDS Inaccuracy Complaint Form: https://icann.org/wicf

>>> Last update of WHOIS database: 2026-08-06T16:34:50.433Z <<<

For more information on domain status codes, please visit https://icann.org/epp

The WHOIS information provided in this page has been redacted
in compliance with ICANN's Temporary Specification for gTLD
Registration Data.

The data in this record is",0,abuse@namecheap.com
german,2026-08-06 16:00:43,AFFILIATE_EMAILADDR,sfp_email,"Domain Name: ww88.ag
Registry Domain ID: REDACTED
Registrar WHOIS Server: whois.namesilo.com
Registrar URL: http://www.namesilo.com
Updated Date: 2026-04-13T16:00:24Z
Creation Date: 2026-04-08T15:59:40Z
Registry Expiry Date: 2027-04-08T15:59:40Z
Registrar: NameSilo, LLC
Registrar IANA ID: 1479
Registrar Abuse Contact Email: abuse@namesilo.com
Registrar Abuse Contact Phone: +1.6024928198
Domain Status: clientTransferProhibited https://icann.org/epp#clientTransferProhibited
Registry Registrant ID: REDACTED
Registrant Name: REDACTED
Registrant Organization: See PrivacyGuardian.org
Registrant Street: REDACTED
Registrant City: REDACTED
Registrant State/Province: AZ
Registrant Postal Code: REDACTED
Registrant Country: US
Registrant Phone: REDACTED
Registrant Phone Ext: REDACTED
Registrant Fax: REDACTED
Registrant Fax Ext: REDACTED
Registrant Email: REDACTED
Registry Admin ID: REDACTED
Admin Name: REDACTED
Admin Organization: REDACTED
Admin Street: REDACTED
Admin City: REDACTED
Admin St",0,abuse@namesilo.com
german,2026-08-06 16:34:48,AFFILIATE_EMAILADDR,sfp_email,"Domain Name: WW88.GAME
Registry Domain ID: D629016010-CNIC
Registrar WHOIS Server: whois.namesilo.com
Registrar URL: https://www.namesilo.com
Updated Date: 2026-05-01T10:49:50.0Z
Creation Date: 2026-04-08T15:59:41.0Z
Registry Expiry Date: 2027-04-08T23:59:59.0Z
Registrar: NameSilo, LLC
Registrar IANA ID: 1479
Domain Status: clientTransferProhibited https://icann.org/epp#clientTransferProhibited
Name Server: CHIN.NS.CLOUDFLARE.COM
Name Server: DANE.NS.CLOUDFLARE.COM
DNSSEC: unsigned
Registrar Abuse Contact Email: abuse@namesilo.com
Registrar Abuse Contact Phone: +1.4805240066
URL of the ICANN Whois Inaccuracy Complaint Form: https://www.icann.org/wicf/
>>> Last update of WHOIS database: 2026-08-06T16:34:45.0Z <<<

For more information on Whois status codes, please visit https://icann.org/epp

The registration data available in this service is limited. Additional
data may be available at https://lookup.icann.org

The Whois and RDAP services are provided by CentralNic, and contain
informa",0,abuse@namesilo.com
german,2026-08-06 16:22:09,AFFILIATE_EMAILADDR,sfp_email,"
Domain Name:       ww88.mx

Created On:        2026-06-08
Expiration Date:   2027-06-08
Last Updated On:   2026-07-25
Registrar:         Dynadot Inc
URL:               http://www.dynadot.com
Whois TCP URI:     whois.dynadot.com

Registrant:
   Name:           Dynadot Privacy Service
   City:           San Mateo
   State:          California
   Country:        United States

Administrative Contact:
   Name:           Dynadot Privacy Service
   City:           San Mateo
   State:          California
   Country:        United States

Technical Contact:
   Name:           Dynadot Privacy Service
   City:           San Mateo
   State:          California
   Country:        United States

Billing Contact:
   Name:           Dynadot Privacy Service
   City:           San Mateo
   State:          California
   Country:        United States

Name Servers:
   DNS:            cora.ns.cloudflare.com       
   DNS:            harvey.ns.cloudflare.com       

DNSSEC DS Records:


%",0,abuse@nic.mx
german,2026-08-06 16:22:09,AFFILIATE_EMAILADDR,sfp_email,"
Domain Name:       ww88.mx

Created On:        2026-06-08
Expiration Date:   2027-06-08
Last Updated On:   2026-07-25
Registrar:         Dynadot Inc
URL:               http://www.dynadot.com
Whois TCP URI:     whois.dynadot.com

Registrant:
   Name:           Dynadot Privacy Service
   City:           San Mateo
   State:          California
   Country:        United States

Administrative Contact:
   Name:           Dynadot Privacy Service
   City:           San Mateo
   State:          California
   Country:        United States

Technical Contact:
   Name:           Dynadot Privacy Service
   City:           San Mateo
   State:          California
   Country:        United States

Billing Contact:
   Name:           Dynadot Privacy Service
   City:           San Mateo
   State:          California
   Country:        United States

Name Servers:
   DNS:            cora.ns.cloudflare.com       
   DNS:            harvey.ns.cloudflare.com       

DNSSEC DS Records:


%",0,abuse@nic.mx
german,2026-08-06 16:22:07,AFFILIATE_EMAILADDR,sfp_email,"
Domain Name:       ww88.com.mx

Created On:        2025-12-01
Expiration Date:   2026-12-01
Last Updated On:   2026-01-17
Registrar:         Namecheap, Inc.
URL:               https://namecheap.com
Whois TCP URI:     whois.namecheap.com

Registrant:
   Name:           Redacted for Privacy
   City:           Reykjavik
   State:          Capital Region
   Country:        Iceland

Administrative Contact:
   Name:           Redacted for Privacy
   City:           Reykjavik
   State:          Capital Region
   Country:        Iceland

Technical Contact:
   Name:           Redacted for Privacy
   City:           Reykjavik
   State:          Capital Region
   Country:        Iceland

Billing Contact:
   Name:           Redacted for Privacy
   City:           Reykjavik
   State:          Capital Region
   Country:        Iceland

Name Servers:
   DNS:            desi.ns.cloudflare.com       
   DNS:            logan.ns.cloudflare.com       

DNSSEC DS Records:


% NOTICE: The",0,abuse@nic.mx
german,2026-08-06 16:22:07,AFFILIATE_EMAILADDR,sfp_email,"
Domain Name:       ww88.com.mx

Created On:        2025-12-01
Expiration Date:   2026-12-01
Last Updated On:   2026-01-17
Registrar:         Namecheap, Inc.
URL:               https://namecheap.com
Whois TCP URI:     whois.namecheap.com

Registrant:
   Name:           Redacted for Privacy
   City:           Reykjavik
   State:          Capital Region
   Country:        Iceland

Administrative Contact:
   Name:           Redacted for Privacy
   City:           Reykjavik
   State:          Capital Region
   Country:        Iceland

Technical Contact:
   Name:           Redacted for Privacy
   City:           Reykjavik
   State:          Capital Region
   Country:        Iceland

Billing Contact:
   Name:           Redacted for Privacy
   City:           Reykjavik
   State:          Capital Region
   Country:        Iceland

Name Servers:
   DNS:            desi.ns.cloudflare.com       
   DNS:            logan.ns.cloudflare.com       

DNSSEC DS Records:


% NOTICE: The",0,abuse@nic.mx
german,2026-08-06 16:22:15,AFFILIATE_EMAILADDR,sfp_email,"
Domain Name:       ww88.org.mx

Created On:        2024-09-11
Expiration Date:   2026-09-11
Last Updated On:   2025-09-18
Registrar:         Namecheap, Inc.
URL:               https://namecheap.com
Whois TCP URI:     whois.namecheap.com

Registrant:
   Name:           Redacted for Privacy
   City:           Reykjavik
   State:          Capital Region
   Country:        Iceland

Administrative Contact:
   Name:           Redacted for Privacy
   City:           Reykjavik
   State:          Capital Region
   Country:        Iceland

Technical Contact:
   Name:           Redacted for Privacy
   City:           Reykjavik
   State:          Capital Region
   Country:        Iceland

Billing Contact:
   Name:           Redacted for Privacy
   City:           Reykjavik
   State:          Capital Region
   Country:        Iceland

Name Servers:
   DNS:            austin.ns.cloudflare.com       
   DNS:            connie.ns.cloudflare.com       

DNSSEC DS Records:


% NOTICE: ",0,abuse@nic.mx
german,2026-08-06 16:22:15,AFFILIATE_EMAILADDR,sfp_email,"
Domain Name:       ww88.org.mx

Created On:        2024-09-11
Expiration Date:   2026-09-11
Last Updated On:   2025-09-18
Registrar:         Namecheap, Inc.
URL:               https://namecheap.com
Whois TCP URI:     whois.namecheap.com

Registrant:
   Name:           Redacted for Privacy
   City:           Reykjavik
   State:          Capital Region
   Country:        Iceland

Administrative Contact:
   Name:           Redacted for Privacy
   City:           Reykjavik
   State:          Capital Region
   Country:        Iceland

Technical Contact:
   Name:           Redacted for Privacy
   City:           Reykjavik
   State:          Capital Region
   Country:        Iceland

Billing Contact:
   Name:           Redacted for Privacy
   City:           Reykjavik
   State:          Capital Region
   Country:        Iceland

Name Servers:
   DNS:            austin.ns.cloudflare.com       
   DNS:            connie.ns.cloudflare.com       

DNSSEC DS Records:


% NOTICE: ",0,abuse@nic.mx
german,2026-08-06 16:39:12,AFFILIATE_EMAILADDR,sfp_email,"Domain Name: ww88.tube
Registry Domain ID: Dtysb16537-TUBE
Registrar WHOIS Server: whois.namecheap.com
Registrar URL: http://www.namecheap.com
Updated Date: 2026-08-04T12:08:51.234Z
Creation Date: 2026-08-04T12:08:45.270Z
Registry Expiry Date: 2027-08-04T12:08:45.270Z
Registrar Registration Expiration Date: 
Registrar: NameCheap, Inc.
Registrar IANA ID: 1068
Registrar Abuse Contact Email: abuse@namecheap.com
Registrar Abuse Contact Phone: +1.6027723958
Reseller: 
Domain Status: clientTransferProhibited https://icann.org/epp#clientTransferProhibited
Domain Status: serverTransferProhibited https://icann.org/epp#serverTransferProhibited
Domain Status: addPeriod https://icann.org/epp#addPeriod
Registry Registrant ID: REDACTED FOR PRIVACY
Registrant Name: REDACTED FOR PRIVACY
Registrant Organization: Privacy service provided by Withheld for Privacy ehf
Registrant Street: REDACTED FOR PRIVACY
Registrant City: REDACTED FOR PRIVACY
Registrant State/Province: Capital Region
Registrant Postal Code",0,abuse@nic.tube
german,2026-08-06 16:24:43,AFFILIATE_EMAILADDR,sfp_email,"Domain Name: ww88.pw
Registry Domain ID: D625949555-CNIC
Registrar WHOIS Server: whois.porkbun.com
Registrar URL: https://porkbun.com
Updated Date: 2026-03-12T12:02:44.000Z
Creation Date: 2026-01-30T07:02:47.000Z
Registry Expiry Date: 2027-01-30T23:59:59.000Z
Registrar: Porkbun LLC
Registrar IANA ID: 1861
Registrar Abuse Contact Email: abuse@porkbun.com
Registrar Abuse Contact Phone: 
Domain Status: clientTransferProhibited https://icann.org/epp#clientTransferProhibited
Domain Status: clientDeleteProhibited https://icann.org/epp#clientDeleteProhibited
Name Server: carmelo.ns.cloudflare.com
Name Server: kimora.ns.cloudflare.com
DNSSEC: unsigned
URL of the ICANN RDDS Inaccuracy Complaint Form: https://icann.org/wicf

>>> Last update of WHOIS database: 2026-08-06T16:24:41.419Z <<<

For more information on domain status codes, please visit https://icann.org/epp

The WHOIS information provided in this page has been redacted
in compliance with ICANN's Temporary Specification for gTLD
Registr",0,abuse@porkbun.com
german,2026-08-06 16:36:44,AFFILIATE_EMAILADDR,sfp_email,"Domain Name: ww88.moe
Registry Domain ID: REDACTED FOR PRIVACY
Registrar WHOIS Server: https://porkbun.com/whois
Registrar URL: www.porkbun.com
Updated Date: 2026-01-21T15:34:01Z
Creation Date: 2025-11-22T15:33:58Z
Registry Expiry Date: 2026-11-22T15:33:58Z
Registrar: Porkbun
Registrar IANA ID: 1861
Registrar Abuse Contact Email: abuse@porkbun.com
Registrar Abuse Contact Phone: +1.5038508351
Domain Status: clientTransferProhibited https://icann.org/epp#clientTransferProhibited
Domain Status: clientDeleteProhibited https://icann.org/epp#clientDeleteProhibited
Registry Registrant ID: REDACTED FOR PRIVACY
Registrant Name: REDACTED FOR PRIVACY
Registrant Organization: Private by Design, LLC
Registrant Street: REDACTED FOR PRIVACY
Registrant Street: REDACTED FOR PRIVACY
Registrant Street: REDACTED FOR PRIVACY
Registrant City: REDACTED FOR PRIVACY
Registrant State/Province: NC
Registrant Postal Code: REDACTED FOR PRIVACY
Registrant Country: US
Registrant Phone: REDACTED FOR PRIVACY
Registran",0,abuse@porkbun.com
german,2026-08-06 16:27:26,AFFILIATE_EMAILADDR,sfp_email,"Domain Name: ww88.us
Registry Domain ID: D40F342172AED425294C285361D31195E-GDREG
Registrar WHOIS Server: whois.spaceship.com
Registrar URL: https://www.spaceship.com/
Updated Date: 2026-01-12T05:56:30Z
Creation Date: 2024-11-14T00:00:07Z
Registry Expiry Date: 2026-11-14T00:00:07Z
Registrar: Spaceship, Inc.
Registrar IANA ID: 3862
Registrar Abuse Contact Email: abuse@spaceship.com
Registrar Abuse Contact Phone: +1.6613102107
Domain Status: clientTransferProhibited https://icann.org/epp#clientTransferProhibited
Registry Registrant ID: CC3BC90876494468D9F4054844DA39FD7-GDREG
Registrant Name: Michael Nava
Registrant Organization:
Registrant Street: 7609 Grove Acre Ct
Registrant Street:
Registrant Street:
Registrant City: Las Vegas
Registrant State/Province: NV
Registrant Postal Code: 89131
Registrant Country: US
Registrant Phone: +1.7026453412
Registrant Phone Ext:
Registrant Fax:
Registrant Fax Ext:
Registrant Email: thedomainexperts@gmail.com
Registrant Application Purpose: P3
Regist",0,abuse@spaceship.com
german,2026-08-06 16:32:12,AFFILIATE_EMAILADDR,sfp_email,"Domain Name: WW88.CEO
Registry Domain ID: D590188626-CNIC
Registrar WHOIS Server: whois.spaceship.com
Registrar URL: https://www.spaceship.com/
Updated Date: 2025-10-03T12:06:14.0Z
Creation Date: 2025-09-09T11:37:57.0Z
Registry Expiry Date: 2026-09-09T23:59:59.0Z
Registrar: Spaceship, Inc.
Registrar IANA ID: 3862
Domain Status: clientTransferProhibited https://icann.org/epp#clientTransferProhibited
Name Server: DYLAN.NS.CLOUDFLARE.COM
Name Server: LIZ.NS.CLOUDFLARE.COM
DNSSEC: unsigned
Registrar Abuse Contact Email: abuse@spaceship.com
Registrar Abuse Contact Phone: +1.9854014545
URL of the ICANN Whois Inaccuracy Complaint Form: https://www.icann.org/wicf/
>>> Last update of WHOIS database: 2026-08-06T16:32:06.0Z <<<

For more information on Whois status codes, please visit https://icann.org/epp

The registration data available in this service is limited. Additional
data may be available at https://lookup.icann.org

The Whois and RDAP services are provided by CentralNic, and contain
in",0,abuse@spaceship.com
german,2026-08-06 16:33:06,AFFILIATE_EMAILADDR,sfp_email,"Domain Name: ww88.courses
Registry Domain ID: REDACTED FOR PRIVACY
Registrar WHOIS Server: whois.spaceship.com
Registrar URL: https://www.spaceship.com/
Updated Date: 2026-01-21T15:01:14Z
Creation Date: 2025-01-06T13:19:21Z
Registry Expiry Date: 2027-01-06T13:19:21Z
Registrar: Spaceship, Inc.
Registrar IANA ID: 3862
Registrar Abuse Contact Email: abuse@spaceship.com
Registrar Abuse Contact Phone: +1.6613102107
Domain Status: clientTransferProhibited https://icann.org/epp#clientTransferProhibited
Registry Registrant ID: REDACTED FOR PRIVACY
Registrant Name: REDACTED FOR PRIVACY
Registrant Organization: Privacy service provided by Withheld for Privacy ehf
Registrant Street: REDACTED FOR PRIVACY
Registrant Street: REDACTED FOR PRIVACY
Registrant Street: REDACTED FOR PRIVACY
Registrant City: REDACTED FOR PRIVACY
Registrant State/Province: Capital Region
Registrant Postal Code: REDACTED FOR PRIVACY
Registrant Country: IS
Registrant Phone: REDACTED FOR PRIVACY
Registrant Phone Ext: REDACTED F",0,abuse@spaceship.com
german,2026-08-06 16:39:05,AFFILIATE_EMAILADDR,sfp_email,"Domain Name: ww88.trade
Registry Domain ID: REDACTED FOR PRIVACY
Registrar WHOIS Server: whois.spaceship.com
Registrar URL: https://www.spaceship.com/
Updated Date: 2026-02-18T11:17:07Z
Creation Date: 2025-12-20T11:17:04Z
Registry Expiry Date: 2026-12-20T11:17:04Z
Registrar: Spaceship, Inc.
Registrar IANA ID: 3862
Registrar Abuse Contact Email: abuse@spaceship.com
Registrar Abuse Contact Phone: +1.6613102107
Domain Status: clientTransferProhibited https://icann.org/epp#clientTransferProhibited
Registry Registrant ID: REDACTED FOR PRIVACY
Registrant Name: REDACTED FOR PRIVACY
Registrant Organization: Privacy service provided by Withheld for Privacy ehf
Registrant Street: REDACTED FOR PRIVACY
Registrant Street: REDACTED FOR PRIVACY
Registrant Street: REDACTED FOR PRIVACY
Registrant City: REDACTED FOR PRIVACY
Registrant State/Province: Capital Region
Registrant Postal Code: REDACTED FOR PRIVACY
Registrant Country: IS
Registrant Phone: REDACTED FOR PRIVACY
Registrant Phone Ext: REDACTED FOR",0,abuse@spaceship.com
german,2026-08-06 16:32:52,AFFILIATE_EMAILADDR,sfp_email,"Domain Name: WW88.COLLEGE
Registry Domain ID: D489207228-CNIC
Registrar WHOIS Server: whois.spaceship.com
Registrar URL: https://www.spaceship.com/
Updated Date: 2025-12-04T12:00:49.0Z
Creation Date: 2024-09-27T05:50:02.0Z
Registry Expiry Date: 2026-09-27T23:59:59.0Z
Registrar: Spaceship, Inc.
Registrar IANA ID: 3862
Domain Status: clientTransferProhibited https://icann.org/epp#clientTransferProhibited
Name Server: CARMELO.NS.CLOUDFLARE.COM
Name Server: JILL.NS.CLOUDFLARE.COM
DNSSEC: unsigned
Registrar Abuse Contact Email: abuse@spaceship.com
Registrar Abuse Contact Phone: +1.9854014545
URL of the ICANN Whois Inaccuracy Complaint Form: https://www.icann.org/wicf/
>>> Last update of WHOIS database: 2026-08-06T16:32:38.0Z <<<

For more information on Whois status codes, please visit https://icann.org/epp

The registration data available in this service is limited. Additional
data may be available at https://lookup.icann.org

The Whois and RDAP services are provided by CentralNic, and cont",0,abuse@spaceship.com
german,2026-08-06 16:30:43,AFFILIATE_EMAILADDR,sfp_email,"Domain Name: ww88.accountant
Registry Domain ID: REDACTED FOR PRIVACY
Registrar WHOIS Server: whois.spaceship.com
Registrar URL: https://www.spaceship.com/
Updated Date: 2026-02-28T08:36:41Z
Creation Date: 2025-04-03T09:39:11Z
Registry Expiry Date: 2027-04-03T09:39:11Z
Registrar: Spaceship, Inc.
Registrar IANA ID: 3862
Registrar Abuse Contact Email: abuse@spaceship.com
Registrar Abuse Contact Phone: +1.6613102107
Domain Status: clientTransferProhibited https://icann.org/epp#clientTransferProhibited
Registry Registrant ID: REDACTED FOR PRIVACY
Registrant Name: REDACTED FOR PRIVACY
Registrant Organization: Privacy service provided by Withheld for Privacy ehf
Registrant Street: REDACTED FOR PRIVACY
Registrant Street: REDACTED FOR PRIVACY
Registrant Street: REDACTED FOR PRIVACY
Registrant City: REDACTED FOR PRIVACY
Registrant State/Province: Capital Region
Registrant Postal Code: REDACTED FOR PRIVACY
Registrant Country: IS
Registrant Phone: REDACTED FOR PRIVACY
Registrant Phone Ext: REDACTE",0,abuse@spaceship.com
german,2026-08-06 16:00:52,AFFILIATE_EMAILADDR,sfp_email,"Domain Name: ww88.asia
Registry Domain ID: REDACTED
Registrar WHOIS Server: https://www.spaceship.com/domains/whois/
Registrar URL: 
Updated Date: 2026-05-29T11:10:21Z
Creation Date: 2026-04-14T11:35:24Z
Registry Expiry Date: 2027-04-14T11:35:24Z
Registrar: Spaceship, Inc.
Registrar IANA ID: 3862
Registrar Abuse Contact Email: abuse@spaceship.com
Registrar Abuse Contact Phone: +1.9854014545
Domain Status: clientTransferProhibited https://icann.org/epp#clientTransferProhibited
Registry Registrant ID: REDACTED
Registrant Name: REDACTED
Registrant Organization: Privacy service provided by Withheld for Privacy ehf
Registrant Street: REDACTED
Registrant City: REDACTED
Registrant State/Province: Capital Region
Registrant Postal Code: REDACTED
Registrant Country: IS
Registrant Phone: REDACTED
Registrant Phone Ext: REDACTED
Registrant Fax: REDACTED
Registrant Fax Ext: REDACTED
Registrant Email: REDACTED
Registry Admin ID: REDACTED
Admin Name: REDACTED
Admin Organization: REDACTED
Admin Str",0,abuse@spaceship.com
german,2026-08-06 16:39:21,AFFILIATE_EMAILADDR,sfp_email,"Domain Name: ww88.vodka
Registry Domain ID: REDACTED FOR PRIVACY
Registrar WHOIS Server: whois.spaceship.com
Registrar URL: https://www.spaceship.com/
Updated Date: 2025-11-16T13:19:46Z
Creation Date: 2024-10-31T09:30:17Z
Registry Expiry Date: 2026-10-31T09:30:17Z
Registrar: Spaceship, Inc.
Registrar IANA ID: 3862
Registrar Abuse Contact Email: abuse@spaceship.com
Registrar Abuse Contact Phone: +1.6613102107
Domain Status: clientTransferProhibited https://icann.org/epp#clientTransferProhibited
Registry Registrant ID: REDACTED FOR PRIVACY
Registrant Name: REDACTED FOR PRIVACY
Registrant Organization: Privacy service provided by Withheld for Privacy ehf
Registrant Street: REDACTED FOR PRIVACY
Registrant Street: REDACTED FOR PRIVACY
Registrant Street: REDACTED FOR PRIVACY
Registrant City: REDACTED FOR PRIVACY
Registrant State/Province: Capital Region
Registrant Postal Code: REDACTED FOR PRIVACY
Registrant Country: IS
Registrant Phone: REDACTED FOR PRIVACY
Registrant Phone Ext: REDACTED FOR",0,abuse@spaceship.com
german,2026-08-06 16:38:39,AFFILIATE_EMAILADDR,sfp_email,"Domain Name: ww88.stream
Registry Domain ID: REDACTED FOR PRIVACY
Registrar WHOIS Server: whois.spaceship.com
Registrar URL: https://www.spaceship.com/
Updated Date: 2026-02-14T10:26:31Z
Creation Date: 2025-12-16T10:26:27Z
Registry Expiry Date: 2026-12-16T10:26:27Z
Registrar: Spaceship, Inc.
Registrar IANA ID: 3862
Registrar Abuse Contact Email: abuse@spaceship.com
Registrar Abuse Contact Phone: +1.6613102107
Domain Status: clientTransferProhibited https://icann.org/epp#clientTransferProhibited
Registry Registrant ID: REDACTED FOR PRIVACY
Registrant Name: REDACTED FOR PRIVACY
Registrant Organization: Privacy service provided by Withheld for Privacy ehf
Registrant Street: REDACTED FOR PRIVACY
Registrant Street: REDACTED FOR PRIVACY
Registrant Street: REDACTED FOR PRIVACY
Registrant City: REDACTED FOR PRIVACY
Registrant State/Province: Capital Region
Registrant Postal Code: REDACTED FOR PRIVACY
Registrant Country: IS
Registrant Phone: REDACTED FOR PRIVACY
Registrant Phone Ext: REDACTED FO",0,abuse@spaceship.com
german,2026-08-06 16:46:38,AFFILIATE_EMAILADDR,sfp_email,"Domain Name: thingdust.io
Registry Domain ID: REDACTED
Registrar WHOIS Server: whois.gandi.net
Registrar URL: https://www.gandi.net
Updated Date: 2025-08-16T21:20:03Z
Creation Date: 2016-09-11T19:16:21Z
Registry Expiry Date: 2026-09-11T19:16:21Z
Registrar: Gandi SAS
Registrar IANA ID: 81
Registrar Abuse Contact Email: abuse@support.gandi.net
Registrar Abuse Contact Phone: +33.170377661
Domain Status: ok https://icann.org/epp#ok
Registry Registrant ID: REDACTED
Registrant Name: REDACTED
Registrant Organization: thingdust
Registrant Street: REDACTED
Registrant City: REDACTED
Registrant State/Province: 
Registrant Postal Code: REDACTED
Registrant Country: CH
Registrant Phone: REDACTED
Registrant Phone Ext: REDACTED
Registrant Fax: REDACTED
Registrant Fax Ext: REDACTED
Registrant Email: REDACTED
Registry Admin ID: REDACTED
Admin Name: REDACTED
Admin Organization: REDACTED
Admin Street: REDACTED
Admin City: REDACTED
Admin State/Province: REDACTED
Admin Postal Code: REDACTED
Admin Co",0,abuse@support.gandi.net
german,2026-08-06 16:46:39,AFFILIATE_EMAILADDR,sfp_email,"Domain Name: thingdust.io
Registry Domain ID: REDACTED
Registrar WHOIS Server: whois.gandi.net
Registrar URL: https://www.gandi.net
Updated Date: 2025-08-16T21:20:03Z
Creation Date: 2016-09-11T19:16:21Z
Registry Expiry Date: 2026-09-11T19:16:21Z
Registrar: Gandi SAS
Registrar IANA ID: 81
Registrar Abuse Contact Email: abuse@support.gandi.net
Registrar Abuse Contact Phone: +33.170377661
Domain Status: ok https://icann.org/epp#ok
Registry Registrant ID: REDACTED
Registrant Name: REDACTED
Registrant Organization: thingdust
Registrant Street: REDACTED
Registrant City: REDACTED
Registrant State/Province: 
Registrant Postal Code: REDACTED
Registrant Country: CH
Registrant Phone: REDACTED
Registrant Phone Ext: REDACTED
Registrant Fax: REDACTED
Registrant Fax Ext: REDACTED
Registrant Email: REDACTED
Registry Admin ID: REDACTED
Admin Name: REDACTED
Admin Organization: REDACTED
Admin Street: REDACTED
Admin City: REDACTED
Admin State/Province: REDACTED
Admin Postal Code: REDACTED
Admin Co",0,abuse@support.gandi.net
german,2026-08-06 16:46:38,AFFILIATE_EMAILADDR,sfp_email,"Domain Name: thingdust.io
Registry Domain ID: REDACTED
Registrar WHOIS Server: whois.gandi.net
Registrar URL: https://www.gandi.net
Updated Date: 2025-08-16T21:20:03Z
Creation Date: 2016-09-11T19:16:21Z
Registry Expiry Date: 2026-09-11T19:16:21Z
Registrar: Gandi SAS
Registrar IANA ID: 81
Registrar Abuse Contact Email: abuse@support.gandi.net
Registrar Abuse Contact Phone: +33.170377661
Domain Status: ok https://icann.org/epp#ok
Registry Registrant ID: REDACTED
Registrant Name: REDACTED
Registrant Organization: thingdust
Registrant Street: REDACTED
Registrant City: REDACTED
Registrant State/Province: 
Registrant Postal Code: REDACTED
Registrant Country: CH
Registrant Phone: REDACTED
Registrant Phone Ext: REDACTED
Registrant Fax: REDACTED
Registrant Fax Ext: REDACTED
Registrant Email: REDACTED
Registry Admin ID: REDACTED
Admin Name: REDACTED
Admin Organization: REDACTED
Admin Street: REDACTED
Admin City: REDACTED
Admin State/Province: REDACTED
Admin Postal Code: REDACTED
Admin Co",0,abuse@support.gandi.net
german,2026-08-06 16:22:09,AFFILIATE_EMAILADDR,sfp_email,"
Domain Name:       ww88.mx

Created On:        2026-06-08
Expiration Date:   2027-06-08
Last Updated On:   2026-07-25
Registrar:         Dynadot Inc
URL:               http://www.dynadot.com
Whois TCP URI:     whois.dynadot.com

Registrant:
   Name:           Dynadot Privacy Service
   City:           San Mateo
   State:          California
   Country:        United States

Administrative Contact:
   Name:           Dynadot Privacy Service
   City:           San Mateo
   State:          California
   Country:        United States

Technical Contact:
   Name:           Dynadot Privacy Service
   City:           San Mateo
   State:          California
   Country:        United States

Billing Contact:
   Name:           Dynadot Privacy Service
   City:           San Mateo
   State:          California
   Country:        United States

Name Servers:
   DNS:            cora.ns.cloudflare.com       
   DNS:            harvey.ns.cloudflare.com       

DNSSEC DS Records:


%",0,ayuda@nic.mx
german,2026-08-06 16:22:09,AFFILIATE_EMAILADDR,sfp_email,"
Domain Name:       ww88.mx

Created On:        2026-06-08
Expiration Date:   2027-06-08
Last Updated On:   2026-07-25
Registrar:         Dynadot Inc
URL:               http://www.dynadot.com
Whois TCP URI:     whois.dynadot.com

Registrant:
   Name:           Dynadot Privacy Service
   City:           San Mateo
   State:          California
   Country:        United States

Administrative Contact:
   Name:           Dynadot Privacy Service
   City:           San Mateo
   State:          California
   Country:        United States

Technical Contact:
   Name:           Dynadot Privacy Service
   City:           San Mateo
   State:          California
   Country:        United States

Billing Contact:
   Name:           Dynadot Privacy Service
   City:           San Mateo
   State:          California
   Country:        United States

Name Servers:
   DNS:            cora.ns.cloudflare.com       
   DNS:            harvey.ns.cloudflare.com       

DNSSEC DS Records:


%",0,ayuda@nic.mx
german,2026-08-06 16:22:07,AFFILIATE_EMAILADDR,sfp_email,"
Domain Name:       ww88.com.mx

Created On:        2025-12-01
Expiration Date:   2026-12-01
Last Updated On:   2026-01-17
Registrar:         Namecheap, Inc.
URL:               https://namecheap.com
Whois TCP URI:     whois.namecheap.com

Registrant:
   Name:           Redacted for Privacy
   City:           Reykjavik
   State:          Capital Region
   Country:        Iceland

Administrative Contact:
   Name:           Redacted for Privacy
   City:           Reykjavik
   State:          Capital Region
   Country:        Iceland

Technical Contact:
   Name:           Redacted for Privacy
   City:           Reykjavik
   State:          Capital Region
   Country:        Iceland

Billing Contact:
   Name:           Redacted for Privacy
   City:           Reykjavik
   State:          Capital Region
   Country:        Iceland

Name Servers:
   DNS:            desi.ns.cloudflare.com       
   DNS:            logan.ns.cloudflare.com       

DNSSEC DS Records:


% NOTICE: The",0,ayuda@nic.mx
german,2026-08-06 16:22:07,AFFILIATE_EMAILADDR,sfp_email,"
Domain Name:       ww88.com.mx

Created On:        2025-12-01
Expiration Date:   2026-12-01
Last Updated On:   2026-01-17
Registrar:         Namecheap, Inc.
URL:               https://namecheap.com
Whois TCP URI:     whois.namecheap.com

Registrant:
   Name:           Redacted for Privacy
   City:           Reykjavik
   State:          Capital Region
   Country:        Iceland

Administrative Contact:
   Name:           Redacted for Privacy
   City:           Reykjavik
   State:          Capital Region
   Country:        Iceland

Technical Contact:
   Name:           Redacted for Privacy
   City:           Reykjavik
   State:          Capital Region
   Country:        Iceland

Billing Contact:
   Name:           Redacted for Privacy
   City:           Reykjavik
   State:          Capital Region
   Country:        Iceland

Name Servers:
   DNS:            desi.ns.cloudflare.com       
   DNS:            logan.ns.cloudflare.com       

DNSSEC DS Records:


% NOTICE: The",0,ayuda@nic.mx
german,2026-08-06 16:22:15,AFFILIATE_EMAILADDR,sfp_email,"
Domain Name:       ww88.org.mx

Created On:        2024-09-11
Expiration Date:   2026-09-11
Last Updated On:   2025-09-18
Registrar:         Namecheap, Inc.
URL:               https://namecheap.com
Whois TCP URI:     whois.namecheap.com

Registrant:
   Name:           Redacted for Privacy
   City:           Reykjavik
   State:          Capital Region
   Country:        Iceland

Administrative Contact:
   Name:           Redacted for Privacy
   City:           Reykjavik
   State:          Capital Region
   Country:        Iceland

Technical Contact:
   Name:           Redacted for Privacy
   City:           Reykjavik
   State:          Capital Region
   Country:        Iceland

Billing Contact:
   Name:           Redacted for Privacy
   City:           Reykjavik
   State:          Capital Region
   Country:        Iceland

Name Servers:
   DNS:            austin.ns.cloudflare.com       
   DNS:            connie.ns.cloudflare.com       

DNSSEC DS Records:


% NOTICE: ",0,ayuda@nic.mx
german,2026-08-06 16:22:15,AFFILIATE_EMAILADDR,sfp_email,"
Domain Name:       ww88.org.mx

Created On:        2024-09-11
Expiration Date:   2026-09-11
Last Updated On:   2025-09-18
Registrar:         Namecheap, Inc.
URL:               https://namecheap.com
Whois TCP URI:     whois.namecheap.com

Registrant:
   Name:           Redacted for Privacy
   City:           Reykjavik
   State:          Capital Region
   Country:        Iceland

Administrative Contact:
   Name:           Redacted for Privacy
   City:           Reykjavik
   State:          Capital Region
   Country:        Iceland

Technical Contact:
   Name:           Redacted for Privacy
   City:           Reykjavik
   State:          Capital Region
   Country:        Iceland

Billing Contact:
   Name:           Redacted for Privacy
   City:           Reykjavik
   State:          Capital Region
   Country:        Iceland

Name Servers:
   DNS:            austin.ns.cloudflare.com       
   DNS:            connie.ns.cloudflare.com       

DNSSEC DS Records:


% NOTICE: ",0,ayuda@nic.mx
german,2026-08-06 16:01:44,AFFILIATE_EMAILADDR,sfp_email,"Domain Name: tds.so
Registry Domain ID: 130725-sonic
Registrar WHOIS Server: whois.namecheap.com
Updated Date: 2026-07-28T19:12:27Z
Creation Date: 2020-07-28T17:38:00Z
Registry Expiry Date: 2027-07-28T17:38:00Z
Registrar Registration Expiration Date: 2027-07-28T17:38:00Z
Registrar: NameCheap
Registrar IANA ID: 1068
Registrar Street Address: Street No. 4600, East Washington Street, Suite 305
Registrar City: Phoenix
Registrar State: AZ
Registrar Postal Code: 85034
Registrar Email: registry@namecheap.com
Registrar Abuse Contact Email: abuse@namecheap.com
Registrar Abuse Contact Phone: +1.6613102107
Domain Status: active https://icann.org/epp#active
Name Server: edna.ns.cloudflare.com
Name Server: rayden.ns.cloudflare.com
DNSSEC: unsigned
>>> Last update of WHOIS database: 2026-08-06T15:45:22.255Z <<<

For more information on domain status codes, please visit https://icann.org/epp

TERMS OF USE: You are not authorized to access or query our WHOIS database through the use of electronic proc",0,b700c7e5a93744469a585eff8b26b5a1.protect@withheldforprivacy.com
german,2026-08-06 16:35:31,AFFILIATE_EMAILADDR,sfp_email,"Domain Name: ww88.krd
Registry Domain ID: REDACTED FOR PRIVACY
Registrar WHOIS Server: whois.namecheap.com
Registrar URL: http://www.namecheap.com
Updated Date: 2026-05-20T08:34:34Z
Creation Date: 2024-06-03T06:13:19Z
Registry Expiry Date: 2027-06-03T06:13:19Z
Registrar: NameCheap, Inc.
Registrar IANA ID: 1068
Registrar Abuse Contact Email: abuse@namecheap.com
Registrar Abuse Contact Phone: +1.6613102107
Domain Status: clientTransferProhibited https://icann.org/epp#clientTransferProhibited
Registry Registrant ID: REDACTED FOR PRIVACY
Registrant Name: REDACTED FOR PRIVACY
Registrant Organization: Privacy service provided by Withheld for Privacy ehf
Registrant Street: REDACTED FOR PRIVACY
Registrant Street: REDACTED FOR PRIVACY
Registrant Street: REDACTED FOR PRIVACY
Registrant City: REDACTED FOR PRIVACY
Registrant State/Province: Capital Region
Registrant Postal Code: REDACTED FOR PRIVACY
Registrant Country: IS
Registrant Phone: REDACTED FOR PRIVACY
Registrant Phone Ext: REDACTED FOR PRI",0,cd1b73c62895490d97bc297c8438bf79.protect@withheldforprivacy.com
german,2026-08-06 16:01:16,AFFILIATE_EMAILADDR,sfp_email,"% Copyright (c) Nic.br - Use of this data is governed by the Use and
% Privacy Policy at https://registro.br/upp . Distribution,
% commercialization, reproduction, and use for advertising or similar
% purposes are expressly prohibited.
% 2026-08-06T13:00:43-03:00 - 92.211.149.84

domain:      ww88.com.br
owner:       Francisco Firmino Soares Junior
owner-c:     FFSJU66
tech-c:      FFSJU66
nserver:     clarissa.ns.cloudflare.com
nsstat:      20260806 AA
nslastaa:    20260806
nserver:     tadeo.ns.cloudflare.com
nsstat:      20260806 AA
nslastaa:    20260806
saci:        yes
created:     20250517 #29579294
changed:     20260406
expires:     20270517
status:      published

nic-hdl-br:  FFSJU66
person:      Francisco Firmino Soares Junior
created:     20250408
changed:     20260224

% Security and mail abuse issues should also be addressed to cert.br,
% respectivelly to cert@cert.br and mail-abuse@cert.br
%
% whois.registro.br only accepts exact match queries for domains,
% registrants, contacts, tickets, provi",0,cert@cert.br
german,2026-08-06 15:59:18,AFFILIATE_DOMAIN_NAME,sfp_dnsresolve,melina.ns.cloudflare.com,0,cloudflare.com
german,2026-08-06 15:58:51,AFFILIATE_DOMAIN_NAME,sfp_dnsresolve,kevin.ns.cloudflare.com,0,cloudflare.com
german,2026-08-06 15:58:51,AFFILIATE_DOMAIN_NAME,sfp_dnsresolve,kevin.ns.cloudflare.com,0,cloudflare.com
german,2026-08-06 16:24:14,AFFILIATE_EMAILADDR,sfp_email,"Domain Name: ww88.org
Registry Domain ID: REDACTED
Registrar WHOIS Server: whois.tucows.com
Registrar URL: http://www.tucows.com
Updated Date: 2026-05-31T22:26:53Z
Creation Date: 2007-12-06T02:52:10Z
Registry Expiry Date: 2026-12-06T02:52:10Z
Registrar: Tucows Domains Inc.
Registrar IANA ID: 69
Registrar Abuse Contact Email: domainabuse@tucows.com
Registrar Abuse Contact Phone: +1.4165350123
Domain Status: clientTransferProhibited https://icann.org/epp#clientTransferProhibited
Domain Status: clientUpdateProhibited https://icann.org/epp#clientUpdateProhibited
Name Server: ns1.parkingcrew.net
Name Server: ns2.parkingcrew.net
DNSSEC: unsigned
URL of the ICANN Whois Inaccuracy Complaint Form: https://icann.org/wicf/
>>> Last update of WHOIS database: 2026-08-06T16:24:12Z <<<

For more information on Whois status codes, please visit https://icann.org/epp

Terms of Use: Access to Public Interest Registry WHOIS information is provided to assist persons in determining the contents of a domain nam",0,domainabuse@tucows.com
german,2026-08-06 16:34:29,AFFILIATE_EMAILADDR,sfp_email,"Domain Name: ww88.foundation
Registry Domain ID: REDACTED
Registrar WHOIS Server: whois.namecheap.com
Registrar URL: http://www.namecheap.com
Updated Date: 2026-07-13T14:20:43Z
Creation Date: 2026-07-08T14:20:03Z
Registry Expiry Date: 2027-07-08T14:20:03Z
Registrar: NameCheap, Inc.
Registrar IANA ID: 1068
Registrar Abuse Contact Email: abuse@namecheap.com
Registrar Abuse Contact Phone: +1.9854014545
Domain Status: clientTransferProhibited https://icann.org/epp#clientTransferProhibited
Name Server: dns1.registrar-servers.com
Name Server: dns2.registrar-servers.com
DNSSEC: unsigned
URL of the ICANN Whois Inaccuracy Complaint Form: https://icann.org/wicf/
>>> Last update of WHOIS database: 2026-08-06T16:34:17Z <<<

For more information on Whois status codes, please visit https://icann.org/epp

Terms of Use: Access to Public Interest Registry WHOIS information is provided to assist persons in determining the contents of a domain name registration record in the Public Interest Registry registry",0,e7755aae5e3445edabffca61cfdb0021.protect@withheldforprivacy.com
german,2026-08-06 16:30:52,AFFILIATE_EMAILADDR,sfp_email,"Domain Name: WW88.ART
Registry Domain ID: D620555113-CNIC
Registrar WHOIS Server: whois.namecheap.com
Registrar URL: https://namecheap.com
Updated Date: 2025-12-01T14:19:01.0Z
Creation Date: 2025-11-12T13:43:23.0Z
Registry Expiry Date: 2026-11-12T23:59:59.0Z
Registrar: NameCheap, Inc.
Registrar IANA ID: 1068
Domain Status: clientTransferProhibited https://icann.org/epp#clientTransferProhibited
Registrant Organization: Privacy service provided by Withheld for Privacy ehf
Registrant State/Province: Capital Region
Registrant Country: IS
Registrant Email: Please query the RDDS service of the Registrar of Record identified in this output for information on how to contact the Registrant, Admin, or Tech contact of the queried domain name.
Tech Email: Please query the RDDS service of the Registrar of Record identified in this output for information on how to contact the Registrant, Admin, or Tech contact of the queried domain name.
Name Server: JACOB.NS.CLOUDFLARE.COM
Name Server: LILITH.NS.CLOUDFLARE",0,e94311331691436e8cfb6eab0cea89e7.protect@withheldforprivacy.com
german,2026-08-06 15:57:37,INTERNET_NAME,SpiderFoot UI,even.ww88.top,0,even.ww88.top
german,2026-08-06 15:57:39,RAW_DNS_RECORDS,sfp_dnsraw,even.ww88.top,0,even.ww88.top. 300 IN MX 10 mail.ww88.top.
german,2026-08-06 16:25:07,AFFILIATE_EMAILADDR,sfp_email,"Domain Name: ww88.sh
Registry Domain ID: REDACTED
Registrar WHOIS Server: whois.namecheap.com
Registrar URL: https://www.namecheap.com/
Updated Date: 2025-11-17T08:04:07Z
Creation Date: 2025-11-12T08:03:57Z
Registry Expiry Date: 2026-11-12T08:03:57Z
Registrar: NameCheap, Inc.
Registrar IANA ID: 1068
Registrar Abuse Contact Email: abuse@namecheap.com
Registrar Abuse Contact Phone: +1.9854014545
Domain Status: clientTransferProhibited https://icann.org/epp#clientTransferProhibited
Registry Registrant ID: REDACTED
Registrant Name: REDACTED
Registrant Organization: Privacy service provided by Withheld for Privacy ehf
Registrant Street: REDACTED
Registrant City: REDACTED
Registrant State/Province: Capital Region
Registrant Postal Code: REDACTED
Registrant Country: IS
Registrant Phone: REDACTED
Registrant Phone Ext: REDACTED
Registrant Fax: REDACTED
Registrant Fax Ext: REDACTED
Registrant Email: REDACTED
Registry Admin ID: REDACTED
Admin Name: REDACTED
Admin Organization: REDACTED
Admin ",0,f2c0a6ebf92e44c4a2b6ee6c36721ccf.protect@withheldforprivacy.com
german,2026-08-06 15:57:41,LINKED_URL_INTERNAL,sfp_spider,even.ww88.top,0,http://even.ww88.top
german,2026-08-06 15:57:41,LINKED_URL_INTERNAL,sfp_spider,even.ww88.top,0,http://even.ww88.top/
german,2026-08-06 16:09:35,AFFILIATE_EMAILADDR,sfp_email,"
                This information has been redacted to comply with European Union General Data Protection Regulations (GDPR). Please contact us at info@nic.im if you have any further queries.
              
Domain Name:	ww88.com.im
Domain Managers
Name: Redacted
Address
Redacted
Domain Owners / Registrant
Name: Redacted
Address
Redacted
Administrative Contact
Name: Redacted
Address
Redacted
Billing Contact
Name: Redacted
Address
Redacted
Technical Contact
Name: Redacted
Address
Redacted
Domain Details
Expiry Date: 14/12/2026 00:59:58
Name Server:bethany.ns.cloudflare.com.
Name Server:dion.ns.cloudflare.com.
",0,info@nic.im
german,2026-08-06 16:09:35,AFFILIATE_EMAILADDR,sfp_email,"
                This information has been redacted to comply with European Union General Data Protection Regulations (GDPR). Please contact us at info@nic.im if you have any further queries.
              
Domain Name:	ww88.net.im
Domain Managers
Name: Redacted
Address
Redacted
Domain Owners / Registrant
Name: Redacted
Address
Redacted
Administrative Contact
Name: Redacted
Address
Redacted
Billing Contact
Name: Redacted
Address
Redacted
Technical Contact
Name: Redacted
Address
Redacted
Domain Details
Expiry Date: 21/12/2026 00:59:59
Name Server:nola.ns.cloudflare.com.
Name Server:trace.ns.cloudflare.com.
",0,info@nic.im
german,2026-08-06 16:22:27,AFFILIATE_EMAILADDR,sfp_email,"
Disclaimer: VeriSign, Inc. makes every effort to maintain the
completeness and accuracy of the Whois data, but cannot guarantee
that the results are error-free. Therefore, any data provided
through the Whois service are on an as is basis without any
warranties.
BY USING THE WHOIS SERVICE AND THE DATA CONTAINED
HEREIN OR IN ANY REPORT GENERATED WITH RESPECT THERETO, IT IS
ACCEPTED THAT VERISIGN, INC. IS NOT LIABLE FOR
ANY DAMAGES OF ANY KIND ARISING OUT OF, OR IN CONNECTION WITH, THE
REPORT OR THE INFORMATION PROVIDED BY THE WHOIS SERVICE, NOR
OMISSIONS OR MISSING INFORMATION. THE RESULTS OF ANY WHOIS REPORT OR
INFORMATION PROVIDED BY THE WHOIS SERVICE CANNOT BE RELIED UPON IN
CONTEMPLATION OF LEGAL PROCEEDINGS WITHOUT FURTHER VERIFICATION, NOR
DO SUCH RESULTS CONSTITUTE A LEGAL OPINION. Acceptance of the
results of the Whois constitutes acceptance of these terms,
conditions and limitations. Whois data may be requested only for
lawful purposes, in particular, to protect legal rights and
obli",0,info@verisign-grs.com
german,2026-08-06 16:09:37,AFFILIATE_EMAILADDR,sfp_email,"% This is the ISNIC Whois server.
%
% Rights restricted by copyright.
% See https://www.isnic.is/en/about/copyright

domain:       ww88.is
registrant:   TH6958-IS
admin-c:      NI231-IS
tech-c:       NI231-IS
zone-c:       CN25-IS
billing-c:    NI230-IS
nserver:      linda.ns.cloudflare.com
nserver:      yew.ns.cloudflare.com
dnssec:       unsigned delegation
created:      December  8 2025
expires:      December  8 2026
source:       ISNIC 

nic-hdl:      TH6958-IS
address:      VN
created:      December  8 2025
source:       ISNIC 

role:         NameCheap, Inc.
nic-hdl:      NI230-IS
address:      4600 East Washington Street, Suite 305
address:      Phoenix, AZ 85034
address:      US
phone:        +1 6613102107
e-mail:       isnicdomains2@namecheap.com
created:      March 21 2019
source:       ISNIC 

role:         NameCheap, Inc.
nic-hdl:      NI231-IS
address:      4600 East Washington Street, Suite 305
address:      Phoenix, AZ 85034
address:      US
phone:        +1 6613102107
e-mail:       isnicdomains",0,isnicdomains2@namecheap.com
german,2026-08-06 16:09:37,AFFILIATE_EMAILADDR,sfp_email,"% This is the ISNIC Whois server.
%
% Rights restricted by copyright.
% See https://www.isnic.is/en/about/copyright

domain:       ww88.is
registrant:   TH6958-IS
admin-c:      NI231-IS
tech-c:       NI231-IS
zone-c:       CN25-IS
billing-c:    NI230-IS
nserver:      linda.ns.cloudflare.com
nserver:      yew.ns.cloudflare.com
dnssec:       unsigned delegation
created:      December  8 2025
expires:      December  8 2026
source:       ISNIC 

nic-hdl:      TH6958-IS
address:      VN
created:      December  8 2025
source:       ISNIC 

role:         NameCheap, Inc.
nic-hdl:      NI230-IS
address:      4600 East Washington Street, Suite 305
address:      Phoenix, AZ 85034
address:      US
phone:        +1 6613102107
e-mail:       isnicdomains2@namecheap.com
created:      March 21 2019
source:       ISNIC 

role:         NameCheap, Inc.
nic-hdl:      NI231-IS
address:      4600 East Washington Street, Suite 305
address:      Phoenix, AZ 85034
address:      US
phone:        +1 6613102107
e-mail:       isnicdomains",0,isnicdomains@namecheap.com
german,2026-08-06 16:09:21,AFFILIATE_INTERNET_NAME,sfp_dnsresolve,172.64.33.191,0,kevin.ns.cloudflare.com
german,2026-08-06 16:09:27,AFFILIATE_INTERNET_NAME,sfp_dnsresolve,108.162.193.191,0,kevin.ns.cloudflare.com
german,2026-08-06 16:09:33,AFFILIATE_INTERNET_NAME,sfp_dnsresolve,2a06:98c1:50::ac40:21bf,0,kevin.ns.cloudflare.com
german,2026-08-06 15:57:39,PROVIDER_DNS,sfp_dnsraw,ww88.top,0,kevin.ns.cloudflare.com
german,2026-08-06 15:57:39,AFFILIATE_INTERNET_NAME,sfp_dnsraw,ww88.top,0,kevin.ns.cloudflare.com
german,2026-08-06 16:09:32,AFFILIATE_INTERNET_NAME,sfp_dnsresolve,2606:4700:58::adf5:3bbf,0,kevin.ns.cloudflare.com
german,2026-08-06 16:01:16,AFFILIATE_EMAILADDR,sfp_email,"% Copyright (c) Nic.br - Use of this data is governed by the Use and
% Privacy Policy at https://registro.br/upp . Distribution,
% commercialization, reproduction, and use for advertising or similar
% purposes are expressly prohibited.
% 2026-08-06T13:00:43-03:00 - 92.211.149.84

domain:      ww88.com.br
owner:       Francisco Firmino Soares Junior
owner-c:     FFSJU66
tech-c:      FFSJU66
nserver:     clarissa.ns.cloudflare.com
nsstat:      20260806 AA
nslastaa:    20260806
nserver:     tadeo.ns.cloudflare.com
nsstat:      20260806 AA
nslastaa:    20260806
saci:        yes
created:     20250517 #29579294
changed:     20260406
expires:     20270517
status:      published

nic-hdl-br:  FFSJU66
person:      Francisco Firmino Soares Junior
created:     20250408
changed:     20260224

% Security and mail abuse issues should also be addressed to cert.br,
% respectivelly to cert@cert.br and mail-abuse@cert.br
%
% whois.registro.br only accepts exact match queries for domains,
% registrants, contacts, tickets, provi",0,mail-abuse@cert.br
german,2026-08-06 15:57:39,PROVIDER_MAIL,sfp_dnsraw,ww88.top,0,mail.ww88.top
german,2026-08-06 15:57:39,AFFILIATE_INTERNET_NAME,sfp_dnsraw,ww88.top,0,mail.ww88.top
german,2026-08-06 15:57:39,PROVIDER_MAIL,sfp_dnsraw,even.ww88.top,0,mail.ww88.top
german,2026-08-06 15:57:39,AFFILIATE_INTERNET_NAME,sfp_dnsraw,even.ww88.top,0,mail.ww88.top
german,2026-08-06 16:09:37,AFFILIATE_INTERNET_NAME,sfp_dnsresolve,2606:4700:50::a29f:26b8,0,melina.ns.cloudflare.com
german,2026-08-06 16:09:35,AFFILIATE_INTERNET_NAME,sfp_dnsresolve,172.64.34.184,0,melina.ns.cloudflare.com
german,2026-08-06 16:09:37,AFFILIATE_INTERNET_NAME,sfp_dnsresolve,162.159.38.184,0,melina.ns.cloudflare.com
german,2026-08-06 16:09:36,AFFILIATE_INTERNET_NAME,sfp_dnsresolve,108.162.194.184,0,melina.ns.cloudflare.com
german,2026-08-06 16:09:35,AFFILIATE_INTERNET_NAME,sfp_dnsresolve,2803:f800:50::6ca2:c2b8,0,melina.ns.cloudflare.com
german,2026-08-06 15:57:39,PROVIDER_DNS,sfp_dnsraw,ww88.top,0,melina.ns.cloudflare.com
german,2026-08-06 15:57:40,AFFILIATE_INTERNET_NAME,sfp_dnsraw,ww88.top,0,melina.ns.cloudflare.com
german,2026-08-06 16:09:36,AFFILIATE_INTERNET_NAME,sfp_dnsresolve,2a06:98c1:50::ac40:22b8,0,melina.ns.cloudflare.com
german,2026-08-06 16:00:20,AFFILIATE_INTERNET_NAME,sfp_dnsresolve,92.119.167.165,0,mymediavev.com
german,2026-08-06 16:00:21,AFFILIATE_DOMAIN_NAME,sfp_dnsresolve,mymediavev.com,0,mymediavev.com
german,2026-08-06 15:58:49,WEBSERVER_BANNER,sfp_webserver,"{""server"": ""nginx"", ""date"": ""Thu, 06 Aug 2026 15:57:40 GMT"", ""content-type"": ""text/html; charset=UTF-8"", ""transfer-encoding"": ""chunked"", ""connection"": ""keep-alive"", ""access-control-allow-origin"": ""*"", ""content-encoding"": ""gzip""}",0,nginx
german,2026-08-06 16:13:18,AFFILIATE_EMAILADDR,sfp_email,"[ JPRS database provides information on network administration. Its use is    ]
[ restricted to network administration purposes. For further information,     ]
[ use 'whois -h whois.jprs.jp help'. To suppress Japanese output, add'/e'     ]
[ at the end of command, e.g. 'whois -h whois.jprs.jp xxx/e'.                 ]
Domain Information: [ドメイン情報]
[Domain Name]                   WW88.JP

[登録者名]                      荒木 雅久
[Registrant]                    ARAKI MASAHISA

[Name Server]                   ns1.dns.ne.jp
[Name Server]                   ns2.dns.ne.jp
[Signing Key]                   

[登録年月日]                    2010/07/30
[有効期限]                      2027/07/31
[状態]                          Active
[最終更新]                      2026/08/01 01:05:04 (JST)

Contact Information: [公開連絡窓口]
[名前]                          さくらインターネット株式会社
[Name]                          SAKURA internet Inc.
[Email]                         nic-staff@sakura.ad.jp
[Web Page]                       
[郵便番号]          ",0,nic-staff@sakura.ad.jp
german,2026-08-06 16:08:50,AFFILIATE_EMAILADDR,sfp_email,"{'address': '101 Townsend Street', 'as_name': 'AS13335 Cloudflare, Inc.', 'as_number': '13335', 'asn_cidr': '108.162.193.0/24', 'asn_country_code': 'US', 'asn_date': '2011-10-28 00:00:00', 'asn_registry': 'arin', 'blacklist': [{'count': 1, 'description': 'Mail Spammer', 'first_seen': '2024-04-05 14:25:22', 'last_seen': '2024-04-05 14:25:22', 'source': 'Abuseat.org'}, {'count': 1, 'description': 'Matched whitelist source: Cloudflare', 'first_seen': '2026-07-19 17:15:47', 'labels': ['benign'], 'last_seen': '2026-07-19 17:15:47', 'source': 'Maltiverse'}], 'cidr': ['108.162.192.0/18'], 'city': 'San Francisco', 'classification': 'whitelist', 'country_code': 'US', 'creation_time': '2024-04-05 14:25:20', 'email': ['noc@cloudflare.com', 'abuse@cloudflare.com', 'rir@cloudflare.com'], 'ip_addr': '108.162.193.191', 'ip_version': 4, 'is_cdn': True, 'is_cnc': False, 'is_distributing_malware': False, 'is_hosting': True, 'is_iot_threat': False, 'is_known_attacker': False, 'is_known_scanner': False, 'is_mining_pool': False, ",0,noc@cloudflare.com
german,2026-08-06 16:09:37,AFFILIATE_EMAILADDR,sfp_email,"% This is the ISNIC Whois server.
%
% Rights restricted by copyright.
% See https://www.isnic.is/en/about/copyright

domain:       ww88.is
registrant:   TH6958-IS
admin-c:      NI231-IS
tech-c:       NI231-IS
zone-c:       CN25-IS
billing-c:    NI230-IS
nserver:      linda.ns.cloudflare.com
nserver:      yew.ns.cloudflare.com
dnssec:       unsigned delegation
created:      December  8 2025
expires:      December  8 2026
source:       ISNIC 

nic-hdl:      TH6958-IS
address:      VN
created:      December  8 2025
source:       ISNIC 

role:         NameCheap, Inc.
nic-hdl:      NI230-IS
address:      4600 East Washington Street, Suite 305
address:      Phoenix, AZ 85034
address:      US
phone:        +1 6613102107
e-mail:       isnicdomains2@namecheap.com
created:      March 21 2019
source:       ISNIC 

role:         NameCheap, Inc.
nic-hdl:      NI231-IS
address:      4600 East Washington Street, Suite 305
address:      Phoenix, AZ 85034
address:      US
phone:        +1 6613102107
e-mail:       isnicdomains",0,noc@cloudflare.com
german,2026-08-06 16:03:28,AFFILIATE_EMAILADDR,sfp_email,"{'address': '101 Townsend Street', 'as_name': 'AS13335 Cloudflare, Inc.', 'as_number': '13335', 'asn_cidr': '173.245.59.0/24', 'asn_country_code': 'US', 'asn_date': '2010-12-28 00:00:00', 'asn_registry': 'arin', 'blacklist': [{'count': 1, 'description': 'Mail Spammer', 'first_seen': '2024-04-05 14:25:34', 'last_seen': '2024-04-05 14:25:34', 'source': 'Abuseat.org'}, {'count': 1, 'description': 'Matched whitelist source: Cloudflare', 'first_seen': '2026-07-19 17:17:14', 'labels': ['benign'], 'last_seen': '2026-07-19 17:17:14', 'source': 'Maltiverse'}], 'cidr': ['173.245.48.0/20'], 'city': 'San Francisco', 'classification': 'whitelist', 'country_code': 'US', 'creation_time': '2024-04-05 14:25:32', 'email': ['noc@cloudflare.com', 'abuse@cloudflare.com', 'rir@cloudflare.com'], 'ip_addr': '173.245.59.191', 'ip_version': 4, 'is_cdn': True, 'is_cnc': False, 'is_distributing_malware': False, 'is_hosting': True, 'is_iot_threat': False, 'is_known_attacker': False, 'is_known_scanner': False, 'is_mining_pool': False, 'is",0,noc@cloudflare.com
german,2026-08-06 16:04:40,AFFILIATE_EMAILADDR,sfp_email,"{'address': '101 Townsend Street', 'as_name': 'AS13335 Cloudflare, Inc.', 'as_number': '13335', 'asn_cidr': '172.64.33.0/24', 'asn_country_code': 'US', 'asn_date': '2015-02-25 00:00:00', 'asn_registry': 'arin', 'blacklist': [{'count': 1, 'description': 'Mail Spammer', 'first_seen': '2024-04-05 16:20:06', 'last_seen': '2024-04-05 16:20:06', 'source': 'Abuseat.org'}, {'count': 1, 'description': 'Matched whitelist source: Cloudflare', 'first_seen': '2026-07-19 01:18:44', 'labels': ['benign'], 'last_seen': '2026-07-19 01:18:44', 'source': 'Maltiverse'}], 'cidr': ['172.64.0.0/13'], 'city': 'San Francisco', 'classification': 'whitelist', 'country_code': 'US', 'creation_time': '2024-04-05 16:20:04', 'email': ['noc@cloudflare.com', 'abuse@cloudflare.com', 'rir@cloudflare.com'], 'ip_addr': '172.64.33.191', 'ip_version': 4, 'is_cdn': True, 'is_cnc': False, 'is_distributing_malware': False, 'is_hosting': True, 'is_iot_threat': False, 'is_known_attacker': False, 'is_known_scanner': False, 'is_mining_pool': False, 'is_ope",0,noc@cloudflare.com
german,2026-08-06 16:25:22,AFFILIATE_EMAILADDR,sfp_email,"Whois Server Version 3.3.2

Domain Name: ww88.st
Registrar: Dynadot
Name Server: meilani.ns.cloudflare.com
Name Server: vicky.ns.cloudflare.com
Status: clientTransferProhibited, serverTransferProhibited
Updated Date: 2026-06-13
Creation Date: 2026-06-10
Expiration Date: 2027-06-10

>>> Last update of whois database: 2026-08-06T16:25:21Z <<<

The data in the WHOIS database is protected by copyright.

By submitting a WHOIS query, you agree that you will use this data only for lawful purposes according with the terms and policy that is publicly available on https://www.nic.st/terms-of-service and that, under no circumstances will you use this data to allow, enable, or otherwise support the transmission of mass unsolicited, commercial advertising or solicitations via direct mail, electronic mail, or by telephone; in contravention of any applicable data and privacy protection laws; or to enable high volume, automated, electronic processes that apply to the registry (or its systems).
Compilation, repackaging, disse",0,privacy@dynadot.com
german,2026-08-06 16:34:48,AFFILIATE_EMAILADDR,sfp_email,"Domain Name: WW88.GAME
Registry Domain ID: D629016010-CNIC
Registrar WHOIS Server: whois.namesilo.com
Registrar URL: https://www.namesilo.com
Updated Date: 2026-05-01T10:49:50.0Z
Creation Date: 2026-04-08T15:59:41.0Z
Registry Expiry Date: 2027-04-08T23:59:59.0Z
Registrar: NameSilo, LLC
Registrar IANA ID: 1479
Domain Status: clientTransferProhibited https://icann.org/epp#clientTransferProhibited
Name Server: CHIN.NS.CLOUDFLARE.COM
Name Server: DANE.NS.CLOUDFLARE.COM
DNSSEC: unsigned
Registrar Abuse Contact Email: abuse@namesilo.com
Registrar Abuse Contact Phone: +1.4805240066
URL of the ICANN Whois Inaccuracy Complaint Form: https://www.icann.org/wicf/
>>> Last update of WHOIS database: 2026-08-06T16:34:45.0Z <<<

For more information on Whois status codes, please visit https://icann.org/epp

The registration data available in this service is limited. Additional
data may be available at https://lookup.icann.org

The Whois and RDAP services are provided by CentralNic, and contain
informa",0,pwp-358836ff5245d02ba372a3077669e7ae@privacyguardian.org
german,2026-08-06 16:00:43,AFFILIATE_EMAILADDR,sfp_email,"Domain Name: ww88.ag
Registry Domain ID: REDACTED
Registrar WHOIS Server: whois.namesilo.com
Registrar URL: http://www.namesilo.com
Updated Date: 2026-04-13T16:00:24Z
Creation Date: 2026-04-08T15:59:40Z
Registry Expiry Date: 2027-04-08T15:59:40Z
Registrar: NameSilo, LLC
Registrar IANA ID: 1479
Registrar Abuse Contact Email: abuse@namesilo.com
Registrar Abuse Contact Phone: +1.6024928198
Domain Status: clientTransferProhibited https://icann.org/epp#clientTransferProhibited
Registry Registrant ID: REDACTED
Registrant Name: REDACTED
Registrant Organization: See PrivacyGuardian.org
Registrant Street: REDACTED
Registrant City: REDACTED
Registrant State/Province: AZ
Registrant Postal Code: REDACTED
Registrant Country: US
Registrant Phone: REDACTED
Registrant Phone Ext: REDACTED
Registrant Fax: REDACTED
Registrant Fax Ext: REDACTED
Registrant Email: REDACTED
Registry Admin ID: REDACTED
Admin Name: REDACTED
Admin Organization: REDACTED
Admin Street: REDACTED
Admin City: REDACTED
Admin St",0,pwp-d735cc12e21aac04178544f8520c43a7@privacyguardian.org
german,2026-08-06 16:31:56,AFFILIATE_EMAILADDR,sfp_email,"Domain Name: WW88.CAM
Registry Domain ID: D567889374-CNIC
Registrar WHOIS Server: whois.namecheap.com
Registrar URL: https://namecheap.com
Updated Date: 2026-07-07T00:13:26.0Z
Creation Date: 2025-07-06T23:10:22.0Z
Registry Expiry Date: 2027-07-06T23:59:59.0Z
Registrar: NameCheap, Inc.
Registrar IANA ID: 1068
Domain Status: clientTransferProhibited https://icann.org/epp#clientTransferProhibited
Domain Status: autoRenewPeriod https://icann.org/epp#autoRenewPeriod
Name Server: DNS101.REGISTRAR-SERVERS.COM
Name Server: DNS102.REGISTRAR-SERVERS.COM
DNSSEC: unsigned
Registrar Abuse Contact Email: abuse@namecheap.com
Registrar Abuse Contact Phone: +1.9854014545
URL of the ICANN Whois Inaccuracy Complaint Form: https://www.icann.org/wicf/
>>> Last update of WHOIS database: 2026-08-06T16:31:48.0Z <<<

This data is provided by CAM-REGISTRY for information purposes only in
accordance with the CAM-REGISTRY TLD Privacy Policy. It is intended to
assist persons to obtain information about or related to ",0,reactivation-pending@mail.withheldforprivacy.com
german,2026-08-06 16:25:58,AFFILIATE_EMAILADDR,sfp_email,"Domain Name: ww88.tel
Registry Domain ID: Djrms79746-TEL
Registrar WHOIS Server: whois.namecheap.com
Registrar URL: http://www.namecheap.com
Updated Date: 2026-07-30T11:19:17.31Z
Creation Date: 2025-07-15T08:33:14.371Z
Registry Expiry Date: 2026-07-15T08:33:14.371Z
Registrar Registration Expiration Date: 
Registrar: NameCheap, Inc.
Registrar IANA ID: 1068
Registrar Abuse Contact Email: abuse@namecheap.com
Registrar Abuse Contact Phone: +1.6027723958
Reseller: 
Domain Status: clientTransferProhibited https://icann.org/epp#clientTransferProhibited
Domain Status: pendingRenew https://icann.org/epp#pendingRenew
Domain Status: autoRenewPeriod https://icann.org/epp#autoRenewPeriod
Registry Registrant ID: REDACTED FOR PRIVACY
Registrant Name: REDACTED FOR PRIVACY
Registrant Organization: Withheld for Privacy Purposes
Registrant Street: REDACTED FOR PRIVACY
Registrant City: REDACTED FOR PRIVACY
Registrant State/Province: Capital Region
Registrant Postal Code: REDACTED FOR PRIVACY
Registrant Cou",0,reactivation-pending@mail.withheldforprivacy.com
german,2026-08-06 16:00:58,AFFILIATE_EMAILADDR,sfp_email,"   Domain Name: CLOUDFLARE.COM
   Registry Domain ID: 1542998887_DOMAIN_COM-VRSN
   Registrar WHOIS Server: whois.cloudflare.com
   Registrar URL: http://www.cloudflare.com
   Updated Date: 2024-01-09T16:45:28Z
   Creation Date: 2009-02-17T22:07:54Z
   Registry Expiry Date: 2033-02-17T22:07:54Z
   Registrar: Cloudflare, Inc.
   Registrar IANA ID: 1910
   Registrar Abuse Contact Email: registrar-abuse@cloudflare.com
   Registrar Abuse Contact Phone: +1.6503198930
   Domain Status: clientDeleteProhibited https://icann.org/epp#clientDeleteProhibited
   Domain Status: clientTransferProhibited https://icann.org/epp#clientTransferProhibited
   Domain Status: clientUpdateProhibited https://icann.org/epp#clientUpdateProhibited
   Domain Status: serverDeleteProhibited https://icann.org/epp#serverDeleteProhibited
   Domain Status: serverTransferProhibited https://icann.org/epp#serverTransferProhibited
   Domain Status: serverUpdateProhibited https://icann.org/epp#serverUpdateProhibited
   Name Server: ",0,registrar-abuse@cloudflare.com
german,2026-08-06 16:09:34,AFFILIATE_EMAILADDR,sfp_email,"Domain Name: ww88.cx
Registry Domain ID: 2079155-CoCCA
Updated Date: 2025-11-26T07:26:08Z
Creation Date: 2025-09-25T12:13:25Z
Registry Expiry Date: 2026-09-25T12:13:28Z
Registrar Registration Expiration Date: 2026-09-25T12:13:28Z
Registrar: CentralNic Ltd
Registrar Street Address: 35-39 Moorgate, London, EC2R 6AR
Registrar Country: GB
Registrar Phone: +44 (0)20 33 88 0600
Registrar Fax: +44 (0)20 33 88 0601
Registrar Email: registry@key-systems.net
Registrar Abuse Contact Email: abuse@key-systems.net
Registrar Abuse Contact Phone: 
Domain Status: active https://icann.org/epp#active
Domain Status: clientTransferProhibited https://icann.org/epp#clientTransferProhibited
Name Server: lisa.ns.cloudflare.com
Name Server: garrett.ns.cloudflare.com
DNSSEC: unsigned
>>> Last update of WHOIS database: 2026-08-06T16:02:23.951Z <<<

For more information on domain status codes, please visit https://icann.org/epp

TERMS OF USE: You are not authorized to access or query our Whois database through the ",0,registry@key-systems.net
german,2026-08-06 16:01:44,AFFILIATE_EMAILADDR,sfp_email,"Domain Name: tds.so
Registry Domain ID: 130725-sonic
Registrar WHOIS Server: whois.namecheap.com
Updated Date: 2026-07-28T19:12:27Z
Creation Date: 2020-07-28T17:38:00Z
Registry Expiry Date: 2027-07-28T17:38:00Z
Registrar Registration Expiration Date: 2027-07-28T17:38:00Z
Registrar: NameCheap
Registrar IANA ID: 1068
Registrar Street Address: Street No. 4600, East Washington Street, Suite 305
Registrar City: Phoenix
Registrar State: AZ
Registrar Postal Code: 85034
Registrar Email: registry@namecheap.com
Registrar Abuse Contact Email: abuse@namecheap.com
Registrar Abuse Contact Phone: +1.6613102107
Domain Status: active https://icann.org/epp#active
Name Server: edna.ns.cloudflare.com
Name Server: rayden.ns.cloudflare.com
DNSSEC: unsigned
>>> Last update of WHOIS database: 2026-08-06T15:45:22.255Z <<<

For more information on domain status codes, please visit https://icann.org/epp

TERMS OF USE: You are not authorized to access or query our WHOIS database through the use of electronic proc",0,registry@namecheap.com
german,2026-08-06 16:08:49,AFFILIATE_EMAILADDR,sfp_email,"{'address': '101 Townsend Street', 'as_name': 'AS13335 Cloudflare, Inc.', 'as_number': '13335', 'asn_cidr': '108.162.193.0/24', 'asn_country_code': 'US', 'asn_date': '2011-10-28 00:00:00', 'asn_registry': 'arin', 'blacklist': [{'count': 1, 'description': 'Mail Spammer', 'first_seen': '2024-04-05 14:25:22', 'last_seen': '2024-04-05 14:25:22', 'source': 'Abuseat.org'}, {'count': 1, 'description': 'Matched whitelist source: Cloudflare', 'first_seen': '2026-07-19 17:15:47', 'labels': ['benign'], 'last_seen': '2026-07-19 17:15:47', 'source': 'Maltiverse'}], 'cidr': ['108.162.192.0/18'], 'city': 'San Francisco', 'classification': 'whitelist', 'country_code': 'US', 'creation_time': '2024-04-05 14:25:20', 'email': ['noc@cloudflare.com', 'abuse@cloudflare.com', 'rir@cloudflare.com'], 'ip_addr': '108.162.193.191', 'ip_version': 4, 'is_cdn': True, 'is_cnc': False, 'is_distributing_malware': False, 'is_hosting': True, 'is_iot_threat': False, 'is_known_attacker': False, 'is_known_scanner': False, 'is_mining_pool': False, ",0,rir@cloudflare.com
german,2026-08-06 16:03:28,AFFILIATE_EMAILADDR,sfp_email,"{'address': '101 Townsend Street', 'as_name': 'AS13335 Cloudflare, Inc.', 'as_number': '13335', 'asn_cidr': '173.245.59.0/24', 'asn_country_code': 'US', 'asn_date': '2010-12-28 00:00:00', 'asn_registry': 'arin', 'blacklist': [{'count': 1, 'description': 'Mail Spammer', 'first_seen': '2024-04-05 14:25:34', 'last_seen': '2024-04-05 14:25:34', 'source': 'Abuseat.org'}, {'count': 1, 'description': 'Matched whitelist source: Cloudflare', 'first_seen': '2026-07-19 17:17:14', 'labels': ['benign'], 'last_seen': '2026-07-19 17:17:14', 'source': 'Maltiverse'}], 'cidr': ['173.245.48.0/20'], 'city': 'San Francisco', 'classification': 'whitelist', 'country_code': 'US', 'creation_time': '2024-04-05 14:25:32', 'email': ['noc@cloudflare.com', 'abuse@cloudflare.com', 'rir@cloudflare.com'], 'ip_addr': '173.245.59.191', 'ip_version': 4, 'is_cdn': True, 'is_cnc': False, 'is_distributing_malware': False, 'is_hosting': True, 'is_iot_threat': False, 'is_known_attacker': False, 'is_known_scanner': False, 'is_mining_pool': False, 'is",0,rir@cloudflare.com
german,2026-08-06 16:04:39,AFFILIATE_EMAILADDR,sfp_email,"{'address': '101 Townsend Street', 'as_name': 'AS13335 Cloudflare, Inc.', 'as_number': '13335', 'asn_cidr': '172.64.33.0/24', 'asn_country_code': 'US', 'asn_date': '2015-02-25 00:00:00', 'asn_registry': 'arin', 'blacklist': [{'count': 1, 'description': 'Mail Spammer', 'first_seen': '2024-04-05 16:20:06', 'last_seen': '2024-04-05 16:20:06', 'source': 'Abuseat.org'}, {'count': 1, 'description': 'Matched whitelist source: Cloudflare', 'first_seen': '2026-07-19 01:18:44', 'labels': ['benign'], 'last_seen': '2026-07-19 01:18:44', 'source': 'Maltiverse'}], 'cidr': ['172.64.0.0/13'], 'city': 'San Francisco', 'classification': 'whitelist', 'country_code': 'US', 'creation_time': '2024-04-05 16:20:04', 'email': ['noc@cloudflare.com', 'abuse@cloudflare.com', 'rir@cloudflare.com'], 'ip_addr': '172.64.33.191', 'ip_version': 4, 'is_cdn': True, 'is_cnc': False, 'is_distributing_malware': False, 'is_hosting': True, 'is_iot_threat': False, 'is_known_attacker': False, 'is_known_scanner': False, 'is_mining_pool': False, 'is_ope",0,rir@cloudflare.com
german,2026-08-06 16:31:01,AFFILIATE_EMAILADDR,sfp_email,"Domain Name: ww88.bar
Registry Domain ID: DO_42f60c4d81216095903a01992ecbe44b-PUNTO
Registrar WHOIS Server: whois.namecheap.com
Registrar URL: https://www.namecheap.com
Updated Date: 2026-08-04T19:46:50.877Z
Creation Date: 2025-10-03T02:52:00.585Z
Registry Expiry Date: 2026-10-03T02:52:00.585Z
Registrar: NAMECHEAP
Registrar IANA ID: 1068
Registrar Abuse Contact Email: support@namecheap.com
Registrar Abuse Contact Phone: +1.3102593259
Domain Status: clientTransferProhibited https://icann.org/epp#clientTransferProhibited
Name Server: dns101.registrar-servers.com
Name Server: dns102.registrar-servers.com
DNSSEC: unsigned
URL of the ICANN RDDS Inaccuracy Complaint Form: https://icann.org/wicf

>>> Last update of WHOIS database: 2026-08-06T16:30:56.579Z <<<

For more information on domain status codes, please visit https://icann.org/epp

The WHOIS information provided in this page has been redacted
in compliance with ICANN's Temporary Specification for gTLD
Registration Data.

The data in ",0,support@namecheap.com
german,2026-08-06 16:34:53,AFFILIATE_EMAILADDR,sfp_email,"Domain Name: ww88.gift
Registry Domain ID: DO_548b93c195a6368bbe023eb3874fbb7a-UR
Registrar WHOIS Server: whois.namecheap.com
Registrar URL: https://www.namecheap.com
Updated Date: 2026-04-12T08:04:50.395Z
Creation Date: 2024-06-18T07:15:21.150Z
Registry Expiry Date: 2028-06-18T07:15:21.150Z
Registrar: NAMECHEAP
Registrar IANA ID: 1068
Registrar Abuse Contact Email: support@namecheap.com
Registrar Abuse Contact Phone: +1.3102593259
Domain Status: clientTransferProhibited https://icann.org/epp#clientTransferProhibited
Name Server: beau.ns.cloudflare.com
Name Server: tina.ns.cloudflare.com
DNSSEC: unsigned
URL of the ICANN RDDS Inaccuracy Complaint Form: https://icann.org/wicf

>>> Last update of WHOIS database: 2026-08-06T16:34:50.433Z <<<

For more information on domain status codes, please visit https://icann.org/epp

The WHOIS information provided in this page has been redacted
in compliance with ICANN's Temporary Specification for gTLD
Registration Data.

The data in this record is",0,support@namecheap.com
german,2026-08-06 15:59:37,AFFILIATE_INTERNET_NAME,sfp_dnsresolve,194.110.247.75,0,tds.so
german,2026-08-06 15:59:37,AFFILIATE_DOMAIN_NAME,sfp_dnsresolve,tds.so,0,tds.so
german,2026-08-06 15:57:41,TARGET_WEB_CONTENT_TYPE,sfp_spider,even.ww88.top,0,text/html;charset=utf-8
german,2026-08-06 16:27:26,AFFILIATE_EMAILADDR,sfp_email,"Domain Name: ww88.us
Registry Domain ID: D40F342172AED425294C285361D31195E-GDREG
Registrar WHOIS Server: whois.spaceship.com
Registrar URL: https://www.spaceship.com/
Updated Date: 2026-01-12T05:56:30Z
Creation Date: 2024-11-14T00:00:07Z
Registry Expiry Date: 2026-11-14T00:00:07Z
Registrar: Spaceship, Inc.
Registrar IANA ID: 3862
Registrar Abuse Contact Email: abuse@spaceship.com
Registrar Abuse Contact Phone: +1.6613102107
Domain Status: clientTransferProhibited https://icann.org/epp#clientTransferProhibited
Registry Registrant ID: CC3BC90876494468D9F4054844DA39FD7-GDREG
Registrant Name: Michael Nava
Registrant Organization:
Registrant Street: 7609 Grove Acre Ct
Registrant Street:
Registrant Street:
Registrant City: Las Vegas
Registrant State/Province: NV
Registrant Postal Code: 89131
Registrant Country: US
Registrant Phone: +1.7026453412
Registrant Phone Ext:
Registrant Fax:
Registrant Fax Ext:
Registrant Email: thedomainexperts@gmail.com
Registrant Application Purpose: P3
Regist",0,thedomainexperts@gmail.com
german,2026-08-06 15:57:42,SIMILARDOMAIN,sfp_tldsearch,even.ww88.top,0,ww88.ac
german,2026-08-06 16:30:33,SIMILARDOMAIN,sfp_tldsearch,even.ww88.top,0,ww88.accountant
german,2026-08-06 15:57:42,SIMILARDOMAIN,sfp_tldsearch,even.ww88.top,0,ww88.ad
german,2026-08-06 16:30:34,SIMILARDOMAIN,sfp_tldsearch,even.ww88.top,0,ww88.africa
german,2026-08-06 15:58:11,SIMILARDOMAIN,sfp_tldsearch,even.ww88.top,0,ww88.ag
german,2026-08-06 16:30:35,SIMILARDOMAIN,sfp_tldsearch,even.ww88.top,0,ww88.airforce
german,2026-08-06 16:30:36,SIMILARDOMAIN,sfp_tldsearch,even.ww88.top,0,ww88.app
german,2026-08-06 16:30:37,SIMILARDOMAIN,sfp_tldsearch,even.ww88.top,0,ww88.art
german,2026-08-06 15:58:35,SIMILARDOMAIN,sfp_tldsearch,even.ww88.top,0,ww88.asia
german,2026-08-06 16:30:38,SIMILARDOMAIN,sfp_tldsearch,even.ww88.top,0,ww88.autos
german,2026-08-06 16:30:39,SIMILARDOMAIN,sfp_tldsearch,even.ww88.top,0,ww88.baby
german,2026-08-06 16:30:40,SIMILARDOMAIN,sfp_tldsearch,even.ww88.top,0,ww88.band
german,2026-08-06 16:30:40,SIMILARDOMAIN,sfp_tldsearch,even.ww88.top,0,ww88.bar
german,2026-08-06 16:30:40,SIMILARDOMAIN,sfp_tldsearch,even.ww88.top,0,ww88.bargains
german,2026-08-06 16:30:41,SIMILARDOMAIN,sfp_tldsearch,even.ww88.top,0,ww88.best
german,2026-08-06 16:30:41,SIMILARDOMAIN,sfp_tldsearch,even.ww88.top,0,ww88.bet
german,2026-08-06 16:30:42,SIMILARDOMAIN,sfp_tldsearch,even.ww88.top,0,ww88.bid
german,2026-08-06 16:30:42,SIMILARDOMAIN,sfp_tldsearch,even.ww88.top,0,ww88.bike
german,2026-08-06 15:58:58,SIMILARDOMAIN,sfp_tldsearch,even.ww88.top,0,ww88.biz
german,2026-08-06 16:30:42,SIMILARDOMAIN,sfp_tldsearch,even.ww88.top,0,ww88.black
german,2026-08-06 16:30:44,SIMILARDOMAIN,sfp_tldsearch,even.ww88.top,0,ww88.boston
german,2026-08-06 16:30:44,SIMILARDOMAIN,sfp_tldsearch,even.ww88.top,0,ww88.bot
german,2026-08-06 16:30:44,SIMILARDOMAIN,sfp_tldsearch,even.ww88.top,0,ww88.boutique
german,2026-08-06 16:30:46,SIMILARDOMAIN,sfp_tldsearch,even.ww88.top,0,ww88.builders
german,2026-08-06 15:59:41,SIMILARDOMAIN,sfp_tldsearch,even.ww88.top,0,ww88.bz
german,2026-08-06 15:59:41,SIMILARDOMAIN,sfp_tldsearch,even.ww88.top,0,ww88.ca
german,2026-08-06 16:30:47,SIMILARDOMAIN,sfp_tldsearch,even.ww88.top,0,ww88.cab
german,2026-08-06 16:30:47,SIMILARDOMAIN,sfp_tldsearch,even.ww88.top,0,ww88.cafe
german,2026-08-06 16:30:47,SIMILARDOMAIN,sfp_tldsearch,even.ww88.top,0,ww88.cam
german,2026-08-06 16:30:48,SIMILARDOMAIN,sfp_tldsearch,even.ww88.top,0,ww88.capital
german,2026-08-06 16:30:48,SIMILARDOMAIN,sfp_tldsearch,even.ww88.top,0,ww88.cards
german,2026-08-06 16:30:48,SIMILARDOMAIN,sfp_tldsearch,even.ww88.top,0,ww88.care
german,2026-08-06 16:30:48,SIMILARDOMAIN,sfp_tldsearch,even.ww88.top,0,ww88.casa
german,2026-08-06 16:30:48,SIMILARDOMAIN,sfp_tldsearch,even.ww88.top,0,ww88.cash
german,2026-08-06 15:59:57,SIMILARDOMAIN,sfp_tldsearch,even.ww88.top,0,ww88.cc
german,2026-08-06 16:30:49,SIMILARDOMAIN,sfp_tldsearch,even.ww88.top,0,ww88.ceo
german,2026-08-06 16:30:49,SIMILARDOMAIN,sfp_tldsearch,even.ww88.top,0,ww88.cfd
german,2026-08-06 15:59:58,SIMILARDOMAIN,sfp_tldsearch,even.ww88.top,0,ww88.ch
german,2026-08-06 16:30:50,SIMILARDOMAIN,sfp_tldsearch,even.ww88.top,0,ww88.channel
german,2026-08-06 16:30:51,SIMILARDOMAIN,sfp_tldsearch,even.ww88.top,0,ww88.city
german,2026-08-06 16:30:51,SIMILARDOMAIN,sfp_tldsearch,even.ww88.top,0,ww88.claims
german,2026-08-06 16:30:52,SIMILARDOMAIN,sfp_tldsearch,even.ww88.top,0,ww88.clothing
german,2026-08-06 16:30:52,SIMILARDOMAIN,sfp_tldsearch,even.ww88.top,0,ww88.club
german,2026-08-06 16:27:17,SIMILARDOMAIN,sfp_tldsearch,even.ww88.top,0,ww88.co.uk
german,2026-08-06 16:30:52,SIMILARDOMAIN,sfp_tldsearch,even.ww88.top,0,ww88.coach
german,2026-08-06 16:30:52,SIMILARDOMAIN,sfp_tldsearch,even.ww88.top,0,ww88.codes
german,2026-08-06 16:30:52,SIMILARDOMAIN,sfp_tldsearch,even.ww88.top,0,ww88.coffee
german,2026-08-06 16:30:52,SIMILARDOMAIN,sfp_tldsearch,even.ww88.top,0,ww88.college
german,2026-08-06 16:00:58,SIMILARDOMAIN,sfp_tldsearch,even.ww88.top,0,ww88.com
german,2026-08-06 15:59:13,SIMILARDOMAIN,sfp_tldsearch,even.ww88.top,0,ww88.com.br
german,2026-08-06 15:59:41,SIMILARDOMAIN,sfp_tldsearch,even.ww88.top,0,ww88.com.bz
german,2026-08-06 16:00:57,SIMILARDOMAIN,sfp_tldsearch,even.ww88.top,0,ww88.com.co
german,2026-08-06 16:36:34,SIMILARDOMAIN,sfp_tldsearch,even.ww88.top,0,ww88.com.de
german,2026-08-06 16:04:53,SIMILARDOMAIN,sfp_tldsearch,even.ww88.top,0,ww88.com.im
german,2026-08-06 16:22:03,SIMILARDOMAIN,sfp_tldsearch,even.ww88.top,0,ww88.com.mx
german,2026-08-06 16:31:03,SIMILARDOMAIN,sfp_tldsearch,even.ww88.top,0,ww88.construction
german,2026-08-06 16:31:03,SIMILARDOMAIN,sfp_tldsearch,even.ww88.top,0,ww88.consulting
german,2026-08-06 16:31:04,SIMILARDOMAIN,sfp_tldsearch,even.ww88.top,0,ww88.contractors
german,2026-08-06 16:31:04,SIMILARDOMAIN,sfp_tldsearch,even.ww88.top,0,ww88.cooking
german,2026-08-06 16:31:04,SIMILARDOMAIN,sfp_tldsearch,even.ww88.top,0,ww88.cool
german,2026-08-06 16:31:04,SIMILARDOMAIN,sfp_tldsearch,even.ww88.top,0,ww88.coupons
german,2026-08-06 16:31:04,SIMILARDOMAIN,sfp_tldsearch,even.ww88.top,0,ww88.courses
german,2026-08-06 16:31:05,SIMILARDOMAIN,sfp_tldsearch,even.ww88.top,0,ww88.cruises
german,2026-08-06 16:46:36,SIMILARDOMAIN,sfp_tldsearch,even.ww88.top,0,ww88.cust.dev.thingdust.io
german,2026-08-06 16:46:36,SIMILARDOMAIN,sfp_tldsearch,even.ww88.top,0,ww88.cust.disrec.thingdust.io
german,2026-08-06 16:01:04,SIMILARDOMAIN,sfp_tldsearch,even.ww88.top,0,ww88.cx
german,2026-08-06 16:31:05,SIMILARDOMAIN,sfp_tldsearch,even.ww88.top,0,ww88.cymru
german,2026-08-06 16:31:06,SIMILARDOMAIN,sfp_tldsearch,even.ww88.top,0,ww88.dad
german,2026-08-06 16:31:06,SIMILARDOMAIN,sfp_tldsearch,even.ww88.top,0,ww88.dance
german,2026-08-06 16:31:06,SIMILARDOMAIN,sfp_tldsearch,even.ww88.top,0,ww88.date
german,2026-08-06 16:31:07,SIMILARDOMAIN,sfp_tldsearch,even.ww88.top,0,ww88.day
german,2026-08-06 16:43:39,SIMILARDOMAIN,sfp_tldsearch,even.ww88.top,0,ww88.ddns.net
german,2026-08-06 16:01:06,SIMILARDOMAIN,sfp_tldsearch,even.ww88.top,0,ww88.de
german,2026-08-06 16:36:33,SIMILARDOMAIN,sfp_tldsearch,even.ww88.top,0,ww88.de.com
german,2026-08-06 16:31:07,SIMILARDOMAIN,sfp_tldsearch,even.ww88.top,0,ww88.deals
german,2026-08-06 16:31:08,SIMILARDOMAIN,sfp_tldsearch,even.ww88.top,0,ww88.design
german,2026-08-06 16:31:09,SIMILARDOMAIN,sfp_tldsearch,even.ww88.top,0,ww88.digital
german,2026-08-06 16:31:09,SIMILARDOMAIN,sfp_tldsearch,even.ww88.top,0,ww88.directory
german,2026-08-06 16:31:09,SIMILARDOMAIN,sfp_tldsearch,even.ww88.top,0,ww88.diy
german,2026-08-06 16:31:19,SIMILARDOMAIN,sfp_tldsearch,even.ww88.top,0,ww88.domains
german,2026-08-06 16:31:20,SIMILARDOMAIN,sfp_tldsearch,even.ww88.top,0,ww88.earth
german,2026-08-06 16:31:30,SIMILARDOMAIN,sfp_tldsearch,even.ww88.top,0,ww88.email
german,2026-08-06 16:31:31,SIMILARDOMAIN,sfp_tldsearch,even.ww88.top,0,ww88.engineer
german,2026-08-06 16:31:31,SIMILARDOMAIN,sfp_tldsearch,even.ww88.top,0,ww88.engineering
german,2026-08-06 16:31:31,SIMILARDOMAIN,sfp_tldsearch,even.ww88.top,0,ww88.esq
german,2026-08-06 16:31:32,SIMILARDOMAIN,sfp_tldsearch,even.ww88.top,0,ww88.exchange
german,2026-08-06 16:31:32,SIMILARDOMAIN,sfp_tldsearch,even.ww88.top,0,ww88.expert
german,2026-08-06 16:31:33,SIMILARDOMAIN,sfp_tldsearch,even.ww88.top,0,ww88.express
german,2026-08-06 16:31:33,SIMILARDOMAIN,sfp_tldsearch,even.ww88.top,0,ww88.fail
german,2026-08-06 16:31:33,SIMILARDOMAIN,sfp_tldsearch,even.ww88.top,0,ww88.family
german,2026-08-06 16:31:33,SIMILARDOMAIN,sfp_tldsearch,even.ww88.top,0,ww88.fan
german,2026-08-06 16:31:33,SIMILARDOMAIN,sfp_tldsearch,even.ww88.top,0,ww88.fashion
german,2026-08-06 16:31:34,SIMILARDOMAIN,sfp_tldsearch,even.ww88.top,0,ww88.financial
german,2026-08-06 16:31:35,SIMILARDOMAIN,sfp_tldsearch,even.ww88.top,0,ww88.fish
german,2026-08-06 16:31:35,SIMILARDOMAIN,sfp_tldsearch,even.ww88.top,0,ww88.fishing
german,2026-08-06 16:31:35,SIMILARDOMAIN,sfp_tldsearch,even.ww88.top,0,ww88.fit
german,2026-08-06 16:31:35,SIMILARDOMAIN,sfp_tldsearch,even.ww88.top,0,ww88.flights
german,2026-08-06 16:31:35,SIMILARDOMAIN,sfp_tldsearch,even.ww88.top,0,ww88.florist
german,2026-08-06 16:31:36,SIMILARDOMAIN,sfp_tldsearch,even.ww88.top,0,ww88.foo
german,2026-08-06 16:31:36,SIMILARDOMAIN,sfp_tldsearch,even.ww88.top,0,ww88.food
german,2026-08-06 16:31:36,SIMILARDOMAIN,sfp_tldsearch,even.ww88.top,0,ww88.foundation
german,2026-08-06 16:31:37,SIMILARDOMAIN,sfp_tldsearch,even.ww88.top,0,ww88.free
german,2026-08-06 16:31:37,SIMILARDOMAIN,sfp_tldsearch,even.ww88.top,0,ww88.fun
german,2026-08-06 16:31:37,SIMILARDOMAIN,sfp_tldsearch,even.ww88.top,0,ww88.fund
german,2026-08-06 16:31:38,SIMILARDOMAIN,sfp_tldsearch,even.ww88.top,0,ww88.futbol
german,2026-08-06 16:31:38,SIMILARDOMAIN,sfp_tldsearch,even.ww88.top,0,ww88.fyi
german,2026-08-06 16:31:38,SIMILARDOMAIN,sfp_tldsearch,even.ww88.top,0,ww88.game
german,2026-08-06 16:31:38,SIMILARDOMAIN,sfp_tldsearch,even.ww88.top,0,ww88.games
german,2026-08-06 16:31:38,SIMILARDOMAIN,sfp_tldsearch,even.ww88.top,0,ww88.gay
german,2026-08-06 16:31:38,SIMILARDOMAIN,sfp_tldsearch,even.ww88.top,0,ww88.gdn
german,2026-08-06 16:31:39,SIMILARDOMAIN,sfp_tldsearch,even.ww88.top,0,ww88.gift
german,2026-08-06 16:31:39,SIMILARDOMAIN,sfp_tldsearch,even.ww88.top,0,ww88.glass
german,2026-08-06 16:31:39,SIMILARDOMAIN,sfp_tldsearch,even.ww88.top,0,ww88.gmbh
german,2026-08-06 16:31:40,SIMILARDOMAIN,sfp_tldsearch,even.ww88.top,0,ww88.gold
german,2026-08-06 16:31:40,SIMILARDOMAIN,sfp_tldsearch,even.ww88.top,0,ww88.golf
german,2026-08-06 16:31:41,SIMILARDOMAIN,sfp_tldsearch,even.ww88.top,0,ww88.gratis
german,2026-08-06 16:31:41,SIMILARDOMAIN,sfp_tldsearch,even.ww88.top,0,ww88.green
german,2026-08-06 16:31:42,SIMILARDOMAIN,sfp_tldsearch,even.ww88.top,0,ww88.group
german,2026-08-06 16:31:43,SIMILARDOMAIN,sfp_tldsearch,even.ww88.top,0,ww88.guru
german,2026-08-06 16:31:43,SIMILARDOMAIN,sfp_tldsearch,even.ww88.top,0,ww88.health
german,2026-08-06 16:31:55,SIMILARDOMAIN,sfp_tldsearch,even.ww88.top,0,ww88.hot
german,2026-08-06 16:31:55,SIMILARDOMAIN,sfp_tldsearch,even.ww88.top,0,ww88.how
german,2026-08-06 16:31:56,SIMILARDOMAIN,sfp_tldsearch,even.ww88.top,0,ww88.immo
german,2026-08-06 16:04:53,SIMILARDOMAIN,sfp_tldsearch,even.ww88.top,0,ww88.in
german,2026-08-06 16:31:57,SIMILARDOMAIN,sfp_tldsearch,even.ww88.top,0,ww88.ing
german,2026-08-06 16:31:57,SIMILARDOMAIN,sfp_tldsearch,even.ww88.top,0,ww88.investments
german,2026-08-06 16:06:02,SIMILARDOMAIN,sfp_tldsearch,even.ww88.top,0,ww88.is
german,2026-08-06 16:46:42,SIMILARDOMAIN,sfp_tldsearch,even.ww88.top,0,ww88.it.com
german,2026-08-06 16:31:58,SIMILARDOMAIN,sfp_tldsearch,even.ww88.top,0,ww88.jewelry
german,2026-08-06 16:13:15,SIMILARDOMAIN,sfp_tldsearch,even.ww88.top,0,ww88.jp
german,2026-08-06 16:31:59,SIMILARDOMAIN,sfp_tldsearch,even.ww88.top,0,ww88.kids
german,2026-08-06 16:32:00,SIMILARDOMAIN,sfp_tldsearch,even.ww88.top,0,ww88.krd
german,2026-08-06 16:32:01,SIMILARDOMAIN,sfp_tldsearch,even.ww88.top,0,ww88.land
german,2026-08-06 16:20:37,SIMILARDOMAIN,sfp_tldsearch,even.ww88.top,0,ww88.lc
german,2026-08-06 16:32:02,SIMILARDOMAIN,sfp_tldsearch,even.ww88.top,0,ww88.lgbt
german,2026-08-06 16:20:44,SIMILARDOMAIN,sfp_tldsearch,even.ww88.top,0,ww88.li
german,2026-08-06 16:32:02,SIMILARDOMAIN,sfp_tldsearch,even.ww88.top,0,ww88.lighting
german,2026-08-06 16:32:03,SIMILARDOMAIN,sfp_tldsearch,even.ww88.top,0,ww88.limo
german,2026-08-06 16:32:03,SIMILARDOMAIN,sfp_tldsearch,even.ww88.top,0,ww88.link
german,2026-08-06 16:32:03,SIMILARDOMAIN,sfp_tldsearch,even.ww88.top,0,ww88.live
german,2026-08-06 16:32:03,SIMILARDOMAIN,sfp_tldsearch,even.ww88.top,0,ww88.loan
german,2026-08-06 16:32:03,SIMILARDOMAIN,sfp_tldsearch,even.ww88.top,0,ww88.loans
german,2026-08-06 16:32:04,SIMILARDOMAIN,sfp_tldsearch,even.ww88.top,0,ww88.lol
german,2026-08-06 16:32:04,SIMILARDOMAIN,sfp_tldsearch,even.ww88.top,0,ww88.london
german,2026-08-06 16:32:04,SIMILARDOMAIN,sfp_tldsearch,even.ww88.top,0,ww88.ltd
german,2026-08-06 16:20:54,SIMILARDOMAIN,sfp_tldsearch,even.ww88.top,0,ww88.lv
german,2026-08-06 16:32:05,SIMILARDOMAIN,sfp_tldsearch,even.ww88.top,0,ww88.maison
german,2026-08-06 16:32:05,SIMILARDOMAIN,sfp_tldsearch,even.ww88.top,0,ww88.management
german,2026-08-06 16:32:06,SIMILARDOMAIN,sfp_tldsearch,even.ww88.top,0,ww88.mba
german,2026-08-06 16:21:07,SIMILARDOMAIN,sfp_tldsearch,even.ww88.top,0,ww88.me
german,2026-08-06 16:32:06,SIMILARDOMAIN,sfp_tldsearch,even.ww88.top,0,ww88.media
german,2026-08-06 16:32:07,SIMILARDOMAIN,sfp_tldsearch,even.ww88.top,0,ww88.men
german,2026-08-06 16:32:07,SIMILARDOMAIN,sfp_tldsearch,even.ww88.top,0,ww88.menu
german,2026-08-06 16:36:33,SIMILARDOMAIN,sfp_tldsearch,even.ww88.top,0,ww88.mex.com
german,2026-08-06 16:21:25,SIMILARDOMAIN,sfp_tldsearch,even.ww88.top,0,ww88.ml
german,2026-08-06 16:32:08,SIMILARDOMAIN,sfp_tldsearch,even.ww88.top,0,ww88.mobile
german,2026-08-06 16:32:08,SIMILARDOMAIN,sfp_tldsearch,even.ww88.top,0,ww88.moe
german,2026-08-06 16:32:08,SIMILARDOMAIN,sfp_tldsearch,even.ww88.top,0,ww88.moi
german,2026-08-06 16:32:08,SIMILARDOMAIN,sfp_tldsearch,even.ww88.top,0,ww88.mom
german,2026-08-06 16:32:08,SIMILARDOMAIN,sfp_tldsearch,even.ww88.top,0,ww88.monster
german,2026-08-06 16:22:03,SIMILARDOMAIN,sfp_tldsearch,even.ww88.top,0,ww88.mx
german,2026-08-06 16:43:36,SIMILARDOMAIN,sfp_tldsearch,even.ww88.top,0,ww88.myftp.biz
german,2026-08-06 16:22:25,SIMILARDOMAIN,sfp_tldsearch,even.ww88.top,0,ww88.name
german,2026-08-06 16:22:28,SIMILARDOMAIN,sfp_tldsearch,even.ww88.top,0,ww88.net
german,2026-08-06 16:00:24,SIMILARDOMAIN,sfp_tldsearch,even.ww88.top,0,ww88.net.cn
german,2026-08-06 16:00:58,SIMILARDOMAIN,sfp_tldsearch,even.ww88.top,0,ww88.net.co
german,2026-08-06 16:04:53,SIMILARDOMAIN,sfp_tldsearch,even.ww88.top,0,ww88.net.im
german,2026-08-06 16:28:47,SIMILARDOMAIN,sfp_tldsearch,even.ww88.top,0,ww88.net.vc
german,2026-08-06 16:22:29,SIMILARDOMAIN,sfp_tldsearch,even.ww88.top,0,ww88.ng
german,2026-08-06 16:32:11,SIMILARDOMAIN,sfp_tldsearch,even.ww88.top,0,ww88.ninja
german,2026-08-06 16:32:12,SIMILARDOMAIN,sfp_tldsearch,even.ww88.top,0,ww88.now
german,2026-08-06 16:44:14,SIMILARDOMAIN,sfp_tldsearch,even.ww88.top,0,ww88.on-web.fr
german,2026-08-06 16:32:23,SIMILARDOMAIN,sfp_tldsearch,even.ww88.top,0,ww88.one
german,2026-08-06 16:32:23,SIMILARDOMAIN,sfp_tldsearch,even.ww88.top,0,ww88.online
german,2026-08-06 16:32:23,SIMILARDOMAIN,sfp_tldsearch,even.ww88.top,0,ww88.ooo
german,2026-08-06 16:24:11,SIMILARDOMAIN,sfp_tldsearch,even.ww88.top,0,ww88.org
german,2026-08-06 16:22:13,SIMILARDOMAIN,sfp_tldsearch,even.ww88.top,0,ww88.org.mx
german,2026-08-06 16:27:18,SIMILARDOMAIN,sfp_tldsearch,even.ww88.top,0,ww88.org.uk
german,2026-08-06 16:32:24,SIMILARDOMAIN,sfp_tldsearch,even.ww88.top,0,ww88.osaka
german,2026-08-06 16:32:24,SIMILARDOMAIN,sfp_tldsearch,even.ww88.top,0,ww88.page
german,2026-08-06 16:36:47,SIMILARDOMAIN,sfp_tldsearch,even.ww88.top,0,ww88.pages.dev
german,2026-08-06 16:32:24,SIMILARDOMAIN,sfp_tldsearch,even.ww88.top,0,ww88.party
german,2026-08-06 16:32:25,SIMILARDOMAIN,sfp_tldsearch,even.ww88.top,0,ww88.pet
german,2026-08-06 16:32:25,SIMILARDOMAIN,sfp_tldsearch,even.ww88.top,0,ww88.phd
german,2026-08-06 16:32:25,SIMILARDOMAIN,sfp_tldsearch,even.ww88.top,0,ww88.photo
german,2026-08-06 16:32:25,SIMILARDOMAIN,sfp_tldsearch,even.ww88.top,0,ww88.photography
german,2026-08-06 16:32:26,SIMILARDOMAIN,sfp_tldsearch,even.ww88.top,0,ww88.pizza
german,2026-08-06 16:32:27,SIMILARDOMAIN,sfp_tldsearch,even.ww88.top,0,ww88.poker
german,2026-08-06 16:32:27,SIMILARDOMAIN,sfp_tldsearch,even.ww88.top,0,ww88.porn
german,2026-08-06 16:32:27,SIMILARDOMAIN,sfp_tldsearch,even.ww88.top,0,ww88.press
german,2026-08-06 16:24:38,SIMILARDOMAIN,sfp_tldsearch,even.ww88.top,0,ww88.pro
german,2026-08-06 16:32:27,SIMILARDOMAIN,sfp_tldsearch,even.ww88.top,0,ww88.productions
german,2026-08-06 16:32:28,SIMILARDOMAIN,sfp_tldsearch,even.ww88.top,0,ww88.property
german,2026-08-06 16:24:41,SIMILARDOMAIN,sfp_tldsearch,even.ww88.top,0,ww88.pw
german,2026-08-06 16:32:39,SIMILARDOMAIN,sfp_tldsearch,even.ww88.top,0,ww88.quest
german,2026-08-06 16:32:39,SIMILARDOMAIN,sfp_tldsearch,even.ww88.top,0,ww88.recipes
german,2026-08-06 16:32:40,SIMILARDOMAIN,sfp_tldsearch,even.ww88.top,0,ww88.rehab
german,2026-08-06 16:32:51,SIMILARDOMAIN,sfp_tldsearch,even.ww88.top,0,ww88.report
german,2026-08-06 16:46:36,SIMILARDOMAIN,sfp_tldsearch,even.ww88.top,0,ww88.reservd.disrec.thingdust.io
german,2026-08-06 16:32:51,SIMILARDOMAIN,sfp_tldsearch,even.ww88.top,0,ww88.restaurant
german,2026-08-06 16:32:51,SIMILARDOMAIN,sfp_tldsearch,even.ww88.top,0,ww88.rocks
german,2026-08-06 16:32:52,SIMILARDOMAIN,sfp_tldsearch,even.ww88.top,0,ww88.rsvp
german,2026-08-06 16:36:33,SIMILARDOMAIN,sfp_tldsearch,even.ww88.top,0,ww88.ru.com
german,2026-08-06 16:32:52,SIMILARDOMAIN,sfp_tldsearch,even.ww88.top,0,ww88.run
german,2026-08-06 16:36:33,SIMILARDOMAIN,sfp_tldsearch,even.ww88.top,0,ww88.sa.com
german,2026-08-06 16:32:54,SIMILARDOMAIN,sfp_tldsearch,even.ww88.top,0,ww88.sbs
german,2026-08-06 16:36:34,SIMILARDOMAIN,sfp_tldsearch,even.ww88.top,0,ww88.se.net
german,2026-08-06 16:32:56,SIMILARDOMAIN,sfp_tldsearch,even.ww88.top,0,ww88.services
german,2026-08-06 16:25:04,SIMILARDOMAIN,sfp_tldsearch,even.ww88.top,0,ww88.sh
german,2026-08-06 16:32:57,SIMILARDOMAIN,sfp_tldsearch,even.ww88.top,0,ww88.shoes
german,2026-08-06 16:32:58,SIMILARDOMAIN,sfp_tldsearch,even.ww88.top,0,ww88.show
german,2026-08-06 16:32:59,SIMILARDOMAIN,sfp_tldsearch,even.ww88.top,0,ww88.site
german,2026-08-06 16:32:59,SIMILARDOMAIN,sfp_tldsearch,even.ww88.top,0,ww88.ski
german,2026-08-06 16:32:59,SIMILARDOMAIN,sfp_tldsearch,even.ww88.top,0,ww88.skin
german,2026-08-06 16:32:59,SIMILARDOMAIN,sfp_tldsearch,even.ww88.top,0,ww88.soccer
german,2026-08-06 16:32:59,SIMILARDOMAIN,sfp_tldsearch,even.ww88.top,0,ww88.software
german,2026-08-06 16:33:00,SIMILARDOMAIN,sfp_tldsearch,even.ww88.top,0,ww88.solutions
german,2026-08-06 16:33:01,SIMILARDOMAIN,sfp_tldsearch,even.ww88.top,0,ww88.space
german,2026-08-06 16:25:19,SIMILARDOMAIN,sfp_tldsearch,even.ww88.top,0,ww88.st
german,2026-08-06 16:33:12,SIMILARDOMAIN,sfp_tldsearch,even.ww88.top,0,ww88.stream
german,2026-08-06 16:33:12,SIMILARDOMAIN,sfp_tldsearch,even.ww88.top,0,ww88.study
german,2026-08-06 16:33:13,SIMILARDOMAIN,sfp_tldsearch,even.ww88.top,0,ww88.supplies
german,2026-08-06 16:33:13,SIMILARDOMAIN,sfp_tldsearch,even.ww88.top,0,ww88.supply
german,2026-08-06 16:33:13,SIMILARDOMAIN,sfp_tldsearch,even.ww88.top,0,ww88.surf
german,2026-08-06 16:25:51,SIMILARDOMAIN,sfp_tldsearch,even.ww88.top,0,ww88.sx
german,2026-08-06 16:33:14,SIMILARDOMAIN,sfp_tldsearch,even.ww88.top,0,ww88.sydney
german,2026-08-06 16:33:14,SIMILARDOMAIN,sfp_tldsearch,even.ww88.top,0,ww88.tattoo
german,2026-08-06 16:33:15,SIMILARDOMAIN,sfp_tldsearch,even.ww88.top,0,ww88.team
german,2026-08-06 16:25:54,SIMILARDOMAIN,sfp_tldsearch,even.ww88.top,0,ww88.tel
german,2026-08-06 16:33:26,SIMILARDOMAIN,sfp_tldsearch,even.ww88.top,0,ww88.tokyo
german,2026-08-06 15:57:43,AFFILIATE_DOMAIN_NAME,sfp_dnsresolve,mail.ww88.top,0,ww88.top
german,2026-08-06 15:57:38,DOMAIN_NAME_PARENT,sfp_dnsresolve,even.ww88.top,0,ww88.top
german,2026-08-06 15:57:39,RAW_DNS_RECORDS,sfp_dnsraw,ww88.top,0,ww88.top. 300 IN MX 5 mail.ww88.top.
german,2026-08-06 15:57:39,RAW_DNS_RECORDS,sfp_dnsraw,ww88.top,0,"ww88.top. 43200 IN NS kevin.ns.cloudflare.com.
ww88.top. 43200 IN NS melina.ns.cloudflare.com."
german,2026-08-06 16:33:27,SIMILARDOMAIN,sfp_tldsearch,even.ww88.top,0,ww88.tours
german,2026-08-06 16:33:27,SIMILARDOMAIN,sfp_tldsearch,even.ww88.top,0,ww88.toys
german,2026-08-06 16:33:27,SIMILARDOMAIN,sfp_tldsearch,even.ww88.top,0,ww88.trade
german,2026-08-06 16:33:27,SIMILARDOMAIN,sfp_tldsearch,even.ww88.top,0,ww88.trading
german,2026-08-06 16:33:28,SIMILARDOMAIN,sfp_tldsearch,even.ww88.top,0,ww88.tube
german,2026-08-06 16:26:58,SIMILARDOMAIN,sfp_tldsearch,even.ww88.top,0,ww88.tv
german,2026-08-06 16:26:58,SIMILARDOMAIN,sfp_tldsearch,even.ww88.top,0,ww88.tw
german,2026-08-06 16:27:19,SIMILARDOMAIN,sfp_tldsearch,even.ww88.top,0,ww88.us
german,2026-08-06 16:36:34,SIMILARDOMAIN,sfp_tldsearch,even.ww88.top,0,ww88.us.com
german,2026-08-06 16:46:44,SIMILARDOMAIN,sfp_tldsearch,even.ww88.top,0,ww88.us.org
german,2026-08-06 16:28:47,SIMILARDOMAIN,sfp_tldsearch,even.ww88.top,0,ww88.vc
german,2026-08-06 16:33:40,SIMILARDOMAIN,sfp_tldsearch,even.ww88.top,0,ww88.ventures
german,2026-08-06 16:33:40,SIMILARDOMAIN,sfp_tldsearch,even.ww88.top,0,ww88.video
german,2026-08-06 16:33:50,SIMILARDOMAIN,sfp_tldsearch,even.ww88.top,0,ww88.vin
german,2026-08-06 16:33:51,SIMILARDOMAIN,sfp_tldsearch,even.ww88.top,0,ww88.vodka
german,2026-08-06 16:33:51,SIMILARDOMAIN,sfp_tldsearch,even.ww88.top,0,ww88.vote
german,2026-08-06 16:33:51,SIMILARDOMAIN,sfp_tldsearch,even.ww88.top,0,ww88.voyage
german,2026-08-06 16:29:23,SIMILARDOMAIN,sfp_tldsearch,even.ww88.top,0,ww88.vu
german,2026-08-06 16:33:52,SIMILARDOMAIN,sfp_tldsearch,even.ww88.top,0,ww88.website
german,2026-08-06 16:33:53,SIMILARDOMAIN,sfp_tldsearch,even.ww88.top,0,ww88.wiki
german,2026-08-06 16:33:53,SIMILARDOMAIN,sfp_tldsearch,even.ww88.top,0,ww88.win
german,2026-08-06 16:33:53,SIMILARDOMAIN,sfp_tldsearch,even.ww88.top,0,ww88.wine
german,2026-08-06 16:33:54,SIMILARDOMAIN,sfp_tldsearch,even.ww88.top,0,ww88.work
german,2026-08-06 16:33:54,SIMILARDOMAIN,sfp_tldsearch,even.ww88.top,0,ww88.world
german,2026-08-06 16:33:54,SIMILARDOMAIN,sfp_tldsearch,even.ww88.top,0,ww88.wtf
german,2026-08-06 16:34:16,SIMILARDOMAIN,sfp_tldsearch,even.ww88.top,0,ww88.yoga
german,2026-08-06 16:34:16,SIMILARDOMAIN,sfp_tldsearch,even.ww88.top,0,ww88.yokohama
german,2026-08-06 16:38:35,AFFILIATE_EMAILADDR,sfp_email,"Domain Name: ww88.study
Registry Domain ID: REDACTED FOR PRIVACY
Registrar WHOIS Server: whois.namecheap.com
Registrar URL: http://www.namecheap.com
Updated Date: 2026-07-26T04:31:37Z
Creation Date: 2026-07-17T13:10:58Z
Registry Expiry Date: 2027-07-17T13:10:58Z
Registrar: NameCheap, Inc.
Registrar IANA ID: 1068
Registrar Abuse Contact Email: abuse@namecheap.com
Registrar Abuse Contact Phone: +1.6613102107
Domain Status: clientTransferProhibited https://icann.org/epp#clientTransferProhibited
Domain Status: serverTransferProhibited https://icann.org/epp#serverTransferProhibited
Registry Registrant ID: REDACTED FOR PRIVACY
Registrant Name: REDACTED FOR PRIVACY
Registrant Organization:
Registrant Street: REDACTED FOR PRIVACY
Registrant Street: REDACTED FOR PRIVACY
Registrant Street: REDACTED FOR PRIVACY
Registrant City: REDACTED FOR PRIVACY
Registrant State/Province: NA
Registrant Postal Code: REDACTED FOR PRIVACY
Registrant Country: VN
Registrant Phone: REDACTED FOR PRIVACY
Registrant Ph",0,ys678com@gmail.com
german,2026-08-06 15:57:41,WEBSERVER_HTTPHEADERS,sfp_spider,even.ww88.top,0,"{""server"": ""nginx"", ""date"": ""Thu, 06 Aug 2026 15:57:40 GMT"", ""content-type"": ""text/html; charset=UTF-8"", ""transfer-encoding"": ""chunked"", ""connection"": ""keep-alive"", ""access-control-allow-origin"": ""*"", ""content-encoding"": ""gzip""}"
german,2026-08-06 15:58:11,RAW_RIR_DATA,sfp_robtex,92.119.167.175,0,"{""status"": ""ok"", ""city"": """", ""country"": ""DE"", ""as"": 213126, ""bgproute"": ""92.119.167.0/24"", ""asname"": ""HOSTISHERE-AS"", ""asdesc"": ""HOSTISHERE-AS"", ""routedesc"": ""Marcel Neufeld trading as Hostishere""}"
german,2026-08-06 16:04:25,RAW_RIR_DATA,sfp_maltiverse,108.162.193.191,0,"{'address': '101 Townsend Street', 'as_name': 'AS13335 Cloudflare, Inc.', 'as_number': '13335', 'asn_cidr': '108.162.193.0/24', 'asn_country_code': 'US', 'asn_date': '2011-10-28 00:00:00', 'asn_registry': 'arin', 'blacklist': [{'count': 1, 'description': 'Mail Spammer', 'first_seen': '2024-04-05 14:25:22', 'last_seen': '2024-04-05 14:25:22', 'source': 'Abuseat.org'}, {'count': 1, 'description': 'Matched whitelist source: Cloudflare', 'first_seen': '2026-07-19 17:15:47', 'labels': ['benign'], 'last_seen': '2026-07-19 17:15:47', 'source': 'Maltiverse'}], 'cidr': ['108.162.192.0/18'], 'city': 'San Francisco', 'classification': 'whitelist', 'country_code': 'US', 'creation_time': '2024-04-05 14:25:20', 'email': ['noc@cloudflare.com', 'abuse@cloudflare.com', 'rir@cloudflare.com'], 'ip_addr': '108.162.193.191', 'ip_version': 4, 'is_cdn': True, 'is_cnc': False, 'is_distributing_malware': False, 'is_hosting': True, 'is_iot_threat': False, 'is_known_attacker': False, 'is_known_scanner': False, 'is_mining_pool': False, "
german,2026-08-06 16:03:50,RAW_RIR_DATA,sfp_maltiverse,172.64.33.191,0,"{'address': '101 Townsend Street', 'as_name': 'AS13335 Cloudflare, Inc.', 'as_number': '13335', 'asn_cidr': '172.64.33.0/24', 'asn_country_code': 'US', 'asn_date': '2015-02-25 00:00:00', 'asn_registry': 'arin', 'blacklist': [{'count': 1, 'description': 'Mail Spammer', 'first_seen': '2024-04-05 16:20:06', 'last_seen': '2024-04-05 16:20:06', 'source': 'Abuseat.org'}, {'count': 1, 'description': 'Matched whitelist source: Cloudflare', 'first_seen': '2026-07-19 01:18:44', 'labels': ['benign'], 'last_seen': '2026-07-19 01:18:44', 'source': 'Maltiverse'}], 'cidr': ['172.64.0.0/13'], 'city': 'San Francisco', 'classification': 'whitelist', 'country_code': 'US', 'creation_time': '2024-04-05 16:20:04', 'email': ['noc@cloudflare.com', 'abuse@cloudflare.com', 'rir@cloudflare.com'], 'ip_addr': '172.64.33.191', 'ip_version': 4, 'is_cdn': True, 'is_cnc': False, 'is_distributing_malware': False, 'is_hosting': True, 'is_iot_threat': False, 'is_known_attacker': False, 'is_known_scanner': False, 'is_mining_pool': False, 'is_ope"
german,2026-08-06 16:01:54,RAW_RIR_DATA,sfp_maltiverse,173.245.59.191,0,"{'address': '101 Townsend Street', 'as_name': 'AS13335 Cloudflare, Inc.', 'as_number': '13335', 'asn_cidr': '173.245.59.0/24', 'asn_country_code': 'US', 'asn_date': '2010-12-28 00:00:00', 'asn_registry': 'arin', 'blacklist': [{'count': 1, 'description': 'Mail Spammer', 'first_seen': '2024-04-05 14:25:34', 'last_seen': '2024-04-05 14:25:34', 'source': 'Abuseat.org'}, {'count': 1, 'description': 'Matched whitelist source: Cloudflare', 'first_seen': '2026-07-19 17:17:14', 'labels': ['benign'], 'last_seen': '2026-07-19 17:17:14', 'source': 'Maltiverse'}], 'cidr': ['173.245.48.0/20'], 'city': 'San Francisco', 'classification': 'whitelist', 'country_code': 'US', 'creation_time': '2024-04-05 14:25:32', 'email': ['noc@cloudflare.com', 'abuse@cloudflare.com', 'rir@cloudflare.com'], 'ip_addr': '173.245.59.191', 'ip_version': 4, 'is_cdn': True, 'is_cnc': False, 'is_distributing_malware': False, 'is_hosting': True, 'is_iot_threat': False, 'is_known_attacker': False, 'is_known_scanner': False, 'is_mining_pool': False, 'is"
german,2026-08-06 15:58:56,RAW_RIR_DATA,sfp_maltiverse,92.119.167.160,0,"{'address': 'Gnsberg 7/1 75392 Deckenpfronn GERMANY', 'as_name': 'AS211936 Rackdog, LLC', 'as_number': '211936', 'asn_cidr': '92.119.164.0/22', 'asn_country_code': 'DE', 'asn_date': '2019-03-12 00:00:00', 'asn_registry': 'ripencc', 'blacklist': [{'count': 121, 'description': 'Proxy', 'first_seen': '2023-02-05 08:10:00', 'labels': ['anonymization'], 'last_seen': '2025-10-06 16:57:32', 'ref': [1, 21745], 'source': 'FireHOL'}], 'cidr': ['92.119.164.0/23', ' 92.119.166.0/24', ' 92.119.167.0/25', ' 92.119.167.128/26', ' 92.119.167.192/27', ' 92.119.167.224/28', ' 92.119.167.240/29', ' 92.119.167.248/30', ' 92.119.167.252/31', ' 92.119.167.254/32'], 'city': 'London', 'classification': 'suspicious', 'country_code': 'GB', 'creation_time': '2023-02-05 08:10:00', 'ip_addr': '92.119.167.160', 'ip_version': 4, 'is_cdn': False, 'is_cnc': False, 'is_distributing_malware': False, 'is_hosting': False, 'is_iot_threat': False, 'is_known_attacker': False, 'is_known_scanner': False, 'is_mining_pool': False, 'is_open_proxy': Fals"
